fra;til;titel_paa_maalside
/;/volkswagen/t-roc/;VW T-Roc forsikring 2026 → priser på TSI, R-Line og T-Roc R
/17-aarige/;/foerste-bil-efter-koerekort-billig-forsikring-ung/;Første Bil Efter Kørekort — Guide Til Billig Forsikring
/17-aarige/;/daekker-forsikringen-hvis-jeg-laaner-bilen-ud/;Dækker Min Forsikring, Hvis Jeg Låner Bilen Ud?
/17-aarige/;/billigste-biler-unge-under-25/;Billigste biler at forsikre for unge under 25 — 2026
/17-aarige/;/de-10-billigste-biler-at-forsikre-danmark/;De 10 Billigste Biler At Forsikre I Danmark
/18-aarige/;/foerste-bil-efter-koerekort-billig-forsikring-ung/;Første Bil Efter Kørekort — Guide Til Billig Forsikring
/18-aarige/;/billigste-biler-unge-under-25/;Billigste biler at forsikre for unge under 25 — 2026
/18-aarige/;/de-10-billigste-biler-at-forsikre-danmark/;De 10 Billigste Biler At Forsikre I Danmark
/abcforsikring/;/forsia/;Forsia Forsikring bilforsikring 2026 — pris, dækning og vilkår
/abcforsikring/;/aros-bilforsikring/;Aros Forsikring bilforsikring 2026 — pris, dækning og vilkår
/abcforsikring/;/coop/;Coop bilforsikring → Medlemsbonus & priser 2026
/abcforsikring/;/suzuki/;Suzuki bilforsikring → Pris til Swift, Vitara & Ignis 2026
/alfa-romeo/;/jeep/;Bilforsikring Jeep – Sammenlign priser på jeep modeller
/alfa-romeo/;/jaguar/;Jaguar forsikring – se modeller og sammenlign priser
/alfa-romeo/;/land-rover/;Bilforsikring Land Rover – Sammenlign priser & guide (2026)
/alfa-romeo/;/mitsubishi/;Mitsubishi forsikring – Sammenlign priser & spar i 2026
/alka/;/forsia/;Forsia Forsikring bilforsikring 2026 — pris, dækning og vilkår
/alka/;/aros-bilforsikring/;Aros Forsikring bilforsikring 2026 — pris, dækning og vilkår
/alka/;/fdm/;FDM Forsikringer bilforsikring 2026 — pris, dækning og vilkår
/alka/;/codan/;Codan bilforsikring 2026 — pris, dækning og vilkår
/alm-brand/;/forsia/;Forsia Forsikring bilforsikring 2026 — pris, dækning og vilkår
/alm-brand/;/aros-bilforsikring/;Aros Forsikring bilforsikring 2026 — pris, dækning og vilkår
/alm-brand/;/fdm/;FDM Forsikringer bilforsikring 2026 — pris, dækning og vilkår
/alm-brand/;/codan/;Codan bilforsikring 2026 — pris, dækning og vilkår
/ansvar-delkasko-eller-kasko/;/leasingbil-eller-koebt-bil-billigst-forsikring/;Leasingbil Eller Købt Bil — Hvad Er Billigst I Forsikring?
/ansvar-delkasko-eller-kasko/;/kaskoforsikring-hvornaar-kan-det-betale-sig/;Kan kasko betale sig? Regnestykket på din bil (2026)
/ansvarsforsikring/;/vildtskade-hvad-goer-du-koert-paa-dyr/;Vildtskade: Hvad Gør Du, Hvis Du Kører På Et Dyr? (2026)
/ansvarsforsikring/;/bilforsikring-import-bil-tyskland-sverige/;Bilforsikring Ved Import Fra Tyskland Eller Sverige
/ansvarsforsikring/;/biltyveri-hvad-goer-du-forsikring/;Biltyveri — Hvad Gør Du, Og Hvad Dækker Forsikringen?
/ansvarsforsikring/;/haervaerk/;Bilforsikring og hærværk – hvad dækker forsikringen?
/aros-bilforsikring/;/forsia/;Forsia Forsikring bilforsikring 2026 — pris, dækning og vilkår
/aros-bilforsikring/;/codan/;Codan bilforsikring 2026 — pris, dækning og vilkår
/aros-bilforsikring/;/fdm/;FDM Forsikringer bilforsikring 2026 — pris, dækning og vilkår
/aros-bilforsikring/;/if/;If Forsikring bilforsikring 2026 — pris, dækning og vilkår
/audi/;/alfa-romeo/;Alfa Romeo bilforsikring – Sammenligning priser her (2026)
/audi/;/jeep/;Bilforsikring Jeep – Sammenlign priser på jeep modeller
/audi/;/jaguar/;Jaguar forsikring – se modeller og sammenlign priser
/audi/;/opel/;Opel Bilforsikring 2026 – Priser, Dækning & Gode Råd
/audi/a1/;/audi/q4-etron/;Audi Q4 e-tron Forsikring – Find Pris & Bedste Dækning
/audi/a1/;/audi/q5/;Audi Q5 forsikring pris 2026 – TFSI e & AWD
/audi/a1/;/audi/e-tron/;Audi e-tron forsikring pris 2026 – Elbil guide
/audi/a1/;/toyota/yaris/;Toyota Yaris Forsikring 2026 — Pris fra 4.000 kr
/audi/a1/;/hyundai/i20/;Hyundai i20 forsikring – Komplet guide & Spar penge nu
/audi/a1/;/hyundai/i10/;Hyundai i10 forsikring — billigste Hyundai at forsikre
/audi/a3/;/audi/e-tron/;Audi e-tron forsikring pris 2026 – Elbil guide
/audi/a3/;/skoda/karoq/;Skoda Karoq forsikring 2026 – Spar & sammenlign priser
/audi/a3/;/toyota/yaris/;Toyota Yaris Forsikring 2026 — Pris fra 4.000 kr
/audi/a4/;/audi/q3/;Audi Q3 forsikring pris 2026 – Sportback & SUV
/audi/a4/;/audi/q2/;Audi Q2 forsikring – Sammenlign priser til din kompakte SUV
/audi/a4/;/audi/a6/;Audi A6 forsikring pris 2026 – Executive & TCO
/audi/a4/;/audi/q4-etron/;Audi Q4 e-tron Forsikring – Find Pris & Bedste Dækning
/audi/a4/;/volkswagen/id7/;Volkswagen ID.7 Forsikring – Få Skarpe Tilbud Online
/audi/a4/;/volkswagen/id5/;Volkswagen ID.5 Forsikring – Sammenlign Priser & Spar
/audi/a6/;/audi/q2/;Audi Q2 forsikring – Sammenlign priser til din kompakte SUV
/audi/a6/;/audi/a3/;Audi A3 Forsikring 2026 → Pris fra 5.500 kr. | Sammenlign Tilbud
/audi/a6/;/audi/a1/;Audi A1 forsikring 2026 – Sammenlign priser på 2 min
/audi/a6/;/audi/q3/;Audi Q3 forsikring pris 2026 – Sportback & SUV
/audi/a6/;/volvo/v90/;Volvo V90 forsikring pris 2026 – Cross Country & B6
/audi/e-tron-gt/;/audi/q2/;Audi Q2 forsikring – Sammenlign priser til din kompakte SUV
/audi/e-tron-gt/;/audi/q4-etron/;Audi Q4 e-tron Forsikring – Find Pris & Bedste Dækning
/audi/e-tron-gt/;/audi/a1/;Audi A1 forsikring 2026 – Sammenlign priser på 2 min
/audi/e-tron-gt/;/audi/a3/;Audi A3 Forsikring 2026 → Pris fra 5.500 kr. | Sammenlign Tilbud
/audi/e-tron-gt/;/dyreste-elbiler-at-forsikre-danmark-2026/;De 10 Dyreste Elbiler at Forsikre i Danmark 2026
/audi/e-tron-gt/;/mercedes/eqe/;Mercedes EQE forsikring pris 2026 – sedan og SUV guide
/audi/e-tron/;/audi/q4-etron/;Audi Q4 e-tron Forsikring – Find Pris & Bedste Dækning
/audi/e-tron/;/audi/q2/;Audi Q2 forsikring – Sammenlign priser til din kompakte SUV
/audi/e-tron/;/audi/a1/;Audi A1 forsikring 2026 – Sammenlign priser på 2 min
/audi/e-tron/;/audi/a3/;Audi A3 Forsikring 2026 → Pris fra 5.500 kr. | Sammenlign Tilbud
/audi/e-tron/;/toyota/bz4x/;Toyota bZ4X forsikring | Sammenlign og beregn pris nu
/audi/e-tron/;/bmw/i5/;BMW i5 forsikring pris 2026 – Elbil & M60 guide
/audi/q2/;/audi/a4/;Audi A4 forsikring – Se priser og vælg den rette dækning
/audi/q2/;/audi/a6/;Audi A6 forsikring pris 2026 – Executive & TCO
/audi/q2/;/audi/e-tron-gt/;Audi e-tron GT forsikring pris 2026 – Sports elbil
/audi/q2/;/hyundai/ix35/;Hyundai ix35 forsikring — pris og kasko på brugt SUV
/audi/q2/;/audi/e-tron/;Audi e-tron forsikring pris 2026 – Elbil guide
/audi/q2/;/xpeng/g9/;Xpeng G9 forsikring 2026 – Sammenlign priser og spar penge
/audi/q3/;/audi/q2/;Audi Q2 forsikring – Sammenlign priser til din kompakte SUV
/audi/q3/;/audi/q4-etron/;Audi Q4 e-tron Forsikring – Find Pris & Bedste Dækning
/audi/q3/;/audi/a3/;Audi A3 Forsikring 2026 → Pris fra 5.500 kr. | Sammenlign Tilbud
/audi/q3/;/audi/a1/;Audi A1 forsikring 2026 – Sammenlign priser på 2 min
/audi/q3/;/volkswagen/id7/;Volkswagen ID.7 Forsikring – Få Skarpe Tilbud Online
/audi/q3/;/volkswagen/id5/;Volkswagen ID.5 Forsikring – Sammenlign Priser & Spar
/audi/q4-etron/;/audi/q2/;Audi Q2 forsikring – Sammenlign priser til din kompakte SUV
/audi/q4-etron/;/volkswagen/id7/;Volkswagen ID.7 Forsikring – Få Skarpe Tilbud Online
/audi/q4-etron/;/audi/a1/;Audi A1 forsikring 2026 – Sammenlign priser på 2 min
/audi/q4-etron/;/audi/a4/;Audi A4 forsikring – Se priser og vælg den rette dækning
/audi/q4-etron/;/audi/e-tron/;Audi e-tron forsikring pris 2026 – Elbil guide
/audi/q4-etron/;/volkswagen/id5/;Volkswagen ID.5 Forsikring – Sammenlign Priser & Spar
/audi/q5/;/audi/q2/;Audi Q2 forsikring – Sammenlign priser til din kompakte SUV
/audi/q5/;/audi/a1/;Audi A1 forsikring 2026 – Sammenlign priser på 2 min
/audi/q5/;/audi/a3/;Audi A3 Forsikring 2026 → Pris fra 5.500 kr. | Sammenlign Tilbud
/audi/q5/;/audi/a6/;Audi A6 forsikring pris 2026 – Executive & TCO
/audi/q5/;/bmw/x3/;BMW X3 forsikring pris 2026 – SUV, xDrive & hybrid
/audi/q5/;/volvo/xc60/;Volvo XC60 forsikring pris 2026 – Recharge & B6 guide
/bagfra-paakoersel/;/vildtskade-hvad-goer-du-koert-paa-dyr/;Vildtskade: Hvad Gør Du, Hvis Du Kører På Et Dyr? (2026)
/bagfra-paakoersel/;/koert-galt-i-andens-bil/;Kørt Galt I Andens Bil — Hvad Sker Der Nu?
/bagfra-paakoersel/;/daekker-kasko-motorskade-motorhavari/;Dækker Kasko Motorskade? Motorhavari Og Forsikring
/bagfra-paakoersel/;/biltyveri-hvad-goer-du-forsikring/;Biltyveri — Hvad Gør Du, Og Hvad Dækker Forsikringen?
/bilforsikring-brugt-bil/;/dyreste-fejl-bilforsikring/;De 5 dyreste fejl du kan begå med din bilforsikring (2026)
/bilforsikring-brugt-bil/;/nissan/;Bilforsikring Nissan – Sammenlign priser & spar i 2026
/bilforsikring-brugt-bil/;/hvilke-bilmaerker-har-flest-skader/;Hvilke Bilmærker Har Flest Skader Ifølge Statistikken?
/bilforsikring-brugt-bil/;/maa-man-sove-i-sin-bil/;Må Man Sove I Sin Bil? Regler Og Forsikring
/bilforsikring-brugt-bil/;/hvor-langt-koerer-en-bil-paa-literen/;Hvor Langt Kører En Bil På Literen? Fuld Guide 2026
/bilforsikring-brugt-bil/;/bilforsikring-import-bil-tyskland-sverige/;Bilforsikring Ved Import Fra Tyskland Eller Sverige
/bilforsikring-import-bil-tyskland-sverige/;/hvilke-bilmaerker-har-flest-skader/;Hvilke Bilmærker Har Flest Skader Ifølge Statistikken?
/bilforsikring-import-bil-tyskland-sverige/;/maa-man-sove-i-sin-bil/;Må Man Sove I Sin Bil? Regler Og Forsikring
/bilforsikring-import-bil-tyskland-sverige/;/hvor-langt-koerer-en-bil-paa-literen/;Hvor Langt Kører En Bil På Literen? Fuld Guide 2026
/bilforsikring-import-bil-tyskland-sverige/;/vinterdaek-bilforsikring-regler/;Vinterdæk og Bilforsikring 2026 – Regler, Bøder & Dækning
/bilforsikring-udenlandsk-koerekort-udlaending/;/delebil-bilforsikring/;Delebil og bilforsikring 2026 — er du dækket?
/bilforsikring-udenlandsk-koerekort-udlaending/;/daekker-forsikringen-hvis-jeg-laaner-bilen-ud/;Dækker Min Forsikring, Hvis Jeg Låner Bilen Ud?
/bilforsikring-udenlandsk-koerekort-udlaending/;/udlaan-af-bil-til-ven/;Udlån af bil til ven – er de dækket af din bilforsikring?
/bilforsikring-udenlandsk-koerekort-udlaending/;/laanebil/;Forsikring til Lånebil | Dækning Når Du Låner en Bil
/bilforsikringspriser-stiger-2026/;/dyreste-fejl-bilforsikring/;De 5 dyreste fejl du kan begå med din bilforsikring (2026)
/bilforsikringspriser-stiger-2026/;/postnummer-bilforsikring-pris/;Postnummer Og Bilforsikring — Sådan Påvirker Bopæl Prisen
/billigste-biler-unge-under-25/;/renault/clio/;Renault Clio forsikring 2026 → priser på E-Tech hybrid og TCe
/billigste-biler-unge-under-25/;/de-10-billigste-biler-at-forsikre-danmark/;De 10 Billigste Biler At Forsikre I Danmark
/billigste-biler-unge-under-25/;/dacia/sandero/;Dacia Sandero forsikring 2026 — pris og dækning
/billigste-biler-unge-under-25/;/opel/corsa/;Opel Corsa forsikring 2026 — fra 2.500 kr./år | Sammenlign
/billigste-biler-unge-under-25/;/fiat/;Fiat forsikring – Priser, dækning & sammenligning 2026
/billigste-biler-unge-under-25/;/citroen/;Citroën forsikring – sammenlign tilbud her gratis 2026
/billigste-biler-unge-under-25/;/foerste-bil-efter-koerekort-billig-forsikring-ung/;Første Bil Efter Kørekort — Guide Til Billig Forsikring
/billigste-peugeot-forsikring/;/suzuki/grand-vitara/;Suzuki Grand Vitara forsikring pris 2026 – brugt guide
/billigste-peugeot-forsikring/;/peugeot/;Peugeot forsikring → Beregner priser og sammenlign nu
/billigste/;/motorcykelforsikring/;Motorcykelforsikring 2026 — sæson, kasko og pris
/billigste/;/hyundai/santa-fe/;Hyundai Santa Fe forsikring pris – 7-sæder, hybrid og PHEV guide
/billigste/;/kilometerforsikring/;Kilometerforsikring 2026 — betal kun for de km du kører
/billigste/;/audi/a6/;Audi A6 forsikring pris 2026 – Executive & TCO
/billigste/;/fiat/tipo/;Fiat Tipo forsikring pris 2026 – hatchback & stationcar guide
/billigste/;/peugeot/508-pris/;Peugeot 508 forsikring pris – Sammenlign priser & spar nu
/billigste/;/skoda/karoq/;Skoda Karoq forsikring 2026 – Spar & sammenlign priser
/billigste/;/cupra/;Cupra forsikring 2026 — Born, Formentor og Leon
/billigste/;/dyreste-fejl-bilforsikring/;De 5 dyreste fejl du kan begå med din bilforsikring (2026)
/bilmaerker/;/cupra/formentor/;Cupra Formentor forsikring 2026 → priser på TSI, eHybrid og VZ
/biltyveri-hvad-goer-du-forsikring/;/ordbog/tyveridaekning/;Tyveridækning — hvad betyder det? | Forsikringsordbog
/biltyveri-hvad-goer-du-forsikring/;/vildtskade-hvad-goer-du-koert-paa-dyr/;Vildtskade: Hvad Gør Du, Hvis Du Kører På Et Dyr? (2026)
/biltyveri-hvad-goer-du-forsikring/;/koert-galt-i-andens-bil/;Kørt Galt I Andens Bil — Hvad Sker Der Nu?
/biltyveri-hvad-goer-du-forsikring/;/daekker-kasko-motorskade-motorhavari/;Dækker Kasko Motorskade? Motorhavari Og Forsikring
/biltyveri-hvad-goer-du-forsikring/;/bagfra-paakoersel/;Bagfra-påkørsel 2026 — hvem hæfter, og hvad gør du?
/bmw/;/alfa-romeo/;Alfa Romeo bilforsikring – Sammenligning priser her (2026)
/bmw/;/jeep/;Bilforsikring Jeep – Sammenlign priser på jeep modeller
/bmw/;/jaguar/;Jaguar forsikring – se modeller og sammenlign priser
/bmw/;/land-rover/;Bilforsikring Land Rover – Sammenlign priser & guide (2026)
/bmw/1-serie/;/bmw/x5/;BMW X5 forsikring pris 2026 – xDrive30d, 50e og X5 M
/bmw/1-serie/;/bmw/ix1/;BMW iX1 Forsikring – Sammenlign Priser og Spar i Dag
/bmw/1-serie/;/mercedes/a-klasse/;Mercedes A-klasse forsikring pris 2026 – kompakt guide
/bmw/3-serie/;/bmw/1-serie/;BMW 1-serie forsikring pris 2026 – Hatchback guide
/bmw/3-serie/;/bmw/ix1/;BMW iX1 Forsikring – Sammenlign Priser og Spar i Dag
/bmw/3-serie/;/mercedes/c-klasse/;Mercedes C-klasse forsikring pris 2026 – sedan & stationcar
/bmw/3-serie/;/volvo/v60/;Volvo V60 forsikring pris 2026 – stationcar & CC guide
/bmw/5-serie/;/bmw/i5/;BMW i5 forsikring pris 2026 – Elbil & M60 guide
/bmw/5-serie/;/bmw/3-serie/;BMW 3-serie forsikring pris 2026 – 318i, 320d og 330e
/bmw/5-serie/;/bmw/x5/;BMW X5 forsikring pris 2026 – xDrive30d, 50e og X5 M
/bmw/5-serie/;/bmw/1-serie/;BMW 1-serie forsikring pris 2026 – Hatchback guide
/bmw/i5/;/bmw/ix1/;BMW iX1 Forsikring – Sammenlign Priser og Spar i Dag
/bmw/i5/;/bmw/1-serie/;BMW 1-serie forsikring pris 2026 – Hatchback guide
/bmw/i5/;/volvo/ex40/;Volvo EX40 forsikring pris – Se hvad det koster i 2026
/bmw/i5/;/dyreste-elbiler-at-forsikre-danmark-2026/;De 10 Dyreste Elbiler at Forsikre i Danmark 2026
/bmw/i5/;/mercedes/eqe/;Mercedes EQE forsikring pris 2026 – sedan og SUV guide
/bmw/i5/;/audi/e-tron/;Audi e-tron forsikring pris 2026 – Elbil guide
/bmw/ix1/;/volkswagen/id7/;Volkswagen ID.7 Forsikring – Få Skarpe Tilbud Online
/bmw/ix1/;/audi/q4-etron/;Audi Q4 e-tron Forsikring – Find Pris & Bedste Dækning
/bmw/ix1/;/bmw/1-serie/;BMW 1-serie forsikring pris 2026 – Hatchback guide
/bmw/ix1/;/bmw/x5/;BMW X5 forsikring pris 2026 – xDrive30d, 50e og X5 M
/bmw/ix1/;/volkswagen/id5/;Volkswagen ID.5 Forsikring – Sammenlign Priser & Spar
/bmw/ix1/;/bmw/5-serie/;BMW 5-serie forsikring pris 2026 – 520d, 530e og i5
/bmw/x3/;/bmw/i5/;BMW i5 forsikring pris 2026 – Elbil & M60 guide
/bmw/x3/;/bmw/ix1/;BMW iX1 Forsikring – Sammenlign Priser og Spar i Dag
/bmw/x3/;/erhverv/;Bilforsikring erhverv 2026 — firmabil og varebil
/bmw/x3/;/audi/q5/;Audi Q5 forsikring pris 2026 – TFSI e & AWD
/bmw/x3/;/mercedes/glc/;Mercedes GLC forsikring pris 2026 – SUV guide
/bmw/x5/;/bmw/i5/;BMW i5 forsikring pris 2026 – Elbil & M60 guide
/bmw/x5/;/bmw/1-serie/;BMW 1-serie forsikring pris 2026 – Hatchback guide
/bmw/x5/;/mercedes/gle/;Mercedes GLE forsikring pris 2026 – stor SUV guide
/bonusklasse/;/ordbog/skadesanmeldelse/;Skadesanmeldelse — hvad betyder det? | Ordbog
/bonusklasse/;/dyreste-fejl-bilforsikring/;De 5 dyreste fejl du kan begå med din bilforsikring (2026)
/bonusklasse/;/postnummer-bilforsikring-pris/;Postnummer Og Bilforsikring — Sådan Påvirker Bopæl Prisen
/brugt-tesla-forsikring-batterigaranti/;/hvad-koster-det-at-eje-en-elbil-om-aaret/;Hvad Koster Det At Eje En Elbil Om Året? Fuld Guide 2026
/brugt-tesla-forsikring-batterigaranti/;/hvad-koster-det-at-lade-elbil-tankstation/;Hvad Koster Det At Lade En Elbil På En Tankstation?
/brugt-tesla-forsikring-batterigaranti/;/lade-elbil-hjemme-forsikring/;Sådan Lader Du Din Elbil Hjemme — Og Din Forsikring
/brugt-tesla-forsikring-batterigaranti/;/mest-solgte-elbiler-danmark-2026-forsikring/;Mest Solgte Elbiler i Danmark 2026 - Priser på Forsikring
/busforsikring/;/erhverv/;Bilforsikring erhverv 2026 — firmabil og varebil
/busforsikring/;/motorcykelforsikring/;Motorcykelforsikring 2026 — sæson, kasko og pris
/busforsikring/;/taxa/;Taxaforsikring → Priser, dækning & driftstab 2026
/busforsikring/;/veteranbil/;Veteranbil forsikring 2026 — find billigste pris
/busforsikring/;/varevogn/;Varevogn Forsikring | Sammenlign Priser På 2 min her
/citroen/;/renault/clio/;Renault Clio forsikring 2026 → priser på E-Tech hybrid og TCe
/citroen/;/billigste-biler-unge-under-25/;Billigste biler at forsikre for unge under 25 — 2026
/citroen/;/dacia/sandero/;Dacia Sandero forsikring 2026 — pris og dækning
/citroen/;/de-10-billigste-biler-at-forsikre-danmark/;De 10 Billigste Biler At Forsikre I Danmark
/citroen/;/fiat/;Fiat forsikring – Priser, dækning & sammenligning 2026
/citroen/;/lexus/;Lexus forsikring 2026 — priser på UX, NX, RX og RZ
/codan/;/forsia/;Forsia Forsikring bilforsikring 2026 — pris, dækning og vilkår
/codan/;/aros-bilforsikring/;Aros Forsikring bilforsikring 2026 — pris, dækning og vilkår
/codan/;/fdm/;FDM Forsikringer bilforsikring 2026 — pris, dækning og vilkår
/codan/;/if/;If Forsikring bilforsikring 2026 — pris, dækning og vilkår
/coop/;/suzuki/;Suzuki bilforsikring → Pris til Swift, Vitara & Ignis 2026
/coop/;/gf-bilforsikring/;GF bilforsikring → Overskudsdeling & priser 2026
/coop/;/abcforsikring/;ABCforsikring bilforsikring – Priser, dækning & erfaringer
/coop/;/hvad-koster-bilforsikring-gennemsnit/;Hvad koster en bilforsikring i gennemsnit? | Guide 2026
/cupra/;/citroen/;Citroën forsikring – sammenlign tilbud her gratis 2026
/cupra/;/xpeng/;Xpeng bilforsikring → Pris, dækning & anmeldelser 2026
/cupra/;/zeekr/;Forsikring Zeekr 2026 — X, 7X og 001 | Sammenlign priser
/cupra/;/dacia/;Dacia forsikring 2026 — Sandero, Duster og Spring
/cupra/;/alfa-romeo/;Alfa Romeo bilforsikring – Sammenligning priser her (2026)
/cupra/;/jeep/;Bilforsikring Jeep – Sammenlign priser på jeep modeller
/cupra/;/jaguar/;Jaguar forsikring – se modeller og sammenlign priser
/cupra/;/mitsubishi/;Mitsubishi forsikring – Sammenlign priser & spar i 2026
/cupra/formentor/;/renault/clio/;Renault Clio forsikring 2026 → priser på E-Tech hybrid og TCe
/cupra/formentor/;/seat/ibiza/;Seat Ibiza forsikring 2026 → priser, FR og billigste selskab
/cupra/formentor/;/nissan/qashqai/;Nissan Qashqai forsikring 2026 → priser på e-POWER og mild hybrid
/cupra/formentor/;/toyota/corolla-cross/;Toyota Corolla Cross forsikring 2026 → priser på hybrid og AWD-i
/cupra/formentor/;/kia/sportage/;Kia Sportage forsikring 2026 → priser på hybrid, PHEV og benzin
/cupra/formentor/;/ford/fiesta/;Ford Fiesta forsikring 2026 → priser, ST og billigste selskab
/dacia/;/renault/clio/;Renault Clio forsikring 2026 → priser på E-Tech hybrid og TCe
/dacia/;/billigste-biler-unge-under-25/;Billigste biler at forsikre for unge under 25 — 2026
/dacia/;/de-10-billigste-biler-at-forsikre-danmark/;De 10 Billigste Biler At Forsikre I Danmark
/dacia/;/fiat/;Fiat forsikring – Priser, dækning & sammenligning 2026
/dacia/;/lexus/;Lexus forsikring 2026 — priser på UX, NX, RX og RZ
/dacia/;/alfa-romeo/;Alfa Romeo bilforsikring – Sammenligning priser her (2026)
/dacia/;/jeep/;Bilforsikring Jeep – Sammenlign priser på jeep modeller
/dacia/;/nissan/;Bilforsikring Nissan – Sammenlign priser & spar i 2026
/dacia/;/porsche/;Porsche forsikring → 911, Cayenne & Taycan priser 2026
/dacia/sandero/;/renault/clio/;Renault Clio forsikring 2026 → priser på E-Tech hybrid og TCe
/dacia/sandero/;/nissan/qashqai/;Nissan Qashqai forsikring 2026 → priser på e-POWER og mild hybrid
/dacia/sandero/;/ford/fiesta/;Ford Fiesta forsikring 2026 → priser, ST og billigste selskab
/dacia/sandero/;/toyota/corolla-cross/;Toyota Corolla Cross forsikring 2026 → priser på hybrid og AWD-i
/dacia/sandero/;/kia/sportage/;Kia Sportage forsikring 2026 → priser på hybrid, PHEV og benzin
/dacia/sandero/;/kia/niro/;Kia Niro forsikring 2026 → priser på hybrid, PHEV og e-Niro
/daekker-forsikringen-hvis-jeg-laaner-bilen-ud/;/koert-galt-i-andens-bil/;Kørt Galt I Andens Bil — Hvad Sker Der Nu?
/daekker-forsikringen-hvis-jeg-laaner-bilen-ud/;/delebil-bilforsikring/;Delebil og bilforsikring 2026 — er du dækket?
/daekker-forsikringen-hvis-jeg-laaner-bilen-ud/;/udlaan-af-bil-til-ven/;Udlån af bil til ven – er de dækket af din bilforsikring?
/daekker-forsikringen-hvis-jeg-laaner-bilen-ud/;/laanebil/;Forsikring til Lånebil | Dækning Når Du Låner en Bil
/daekker-forsikringen-hvis-jeg-laaner-bilen-ud/;/bilforsikring-udenlandsk-koerekort-udlaending/;Bilforsikring Til Udenlandsk Kørekort — Guide For Udlændinge
/daekker-forsikringen-hvis-jeg-laaner-bilen-ud/;/kilometerforsikring/;Kilometerforsikring 2026 — betal kun for de km du kører
/daekker-forsikringen-hvis-jeg-laaner-bilen-ud/;/koere-uden-bilforsikring-boeder-konsekvenser/;Hvad Koster Det At Køre Uden Bilforsikring?
/daekker-kasko-motorskade-motorhavari/;/ordbog/vejhjaelp/;Vejhjælp — hvad betyder det? | Forsikringsordbog
/daekker-kasko-motorskade-motorhavari/;/vildtskade-hvad-goer-du-koert-paa-dyr/;Vildtskade: Hvad Gør Du, Hvis Du Kører På Et Dyr? (2026)
/daekker-kasko-motorskade-motorhavari/;/koert-galt-i-andens-bil/;Kørt Galt I Andens Bil — Hvad Sker Der Nu?
/daekker-kasko-motorskade-motorhavari/;/bagfra-paakoersel/;Bagfra-påkørsel 2026 — hvem hæfter, og hvad gør du?
/daekker-kasko-motorskade-motorhavari/;/trafikulykke-hvad-goer-du/;Trafikulykke 2026 — hvad gør du de første 60 minutter?
/de-10-billigste-biler-at-forsikre-danmark/;/billigste-biler-unge-under-25/;Billigste biler at forsikre for unge under 25 — 2026
/de-10-billigste-biler-at-forsikre-danmark/;/dacia/sandero/;Dacia Sandero forsikring 2026 — pris og dækning
/de-10-billigste-biler-at-forsikre-danmark/;/foerste-bil-efter-koerekort-billig-forsikring-ung/;Første Bil Efter Kørekort — Guide Til Billig Forsikring
/delebil-bilforsikring/;/koert-galt-i-andens-bil/;Kørt Galt I Andens Bil — Hvad Sker Der Nu?
/delebil-bilforsikring/;/daekker-forsikringen-hvis-jeg-laaner-bilen-ud/;Dækker Min Forsikring, Hvis Jeg Låner Bilen Ud?
/delebil-bilforsikring/;/bilforsikring-udenlandsk-koerekort-udlaending/;Bilforsikring Til Udenlandsk Kørekort — Guide For Udlændinge
/delebil-bilforsikring/;/kilometerforsikring/;Kilometerforsikring 2026 — betal kun for de km du kører
/delebil-bilforsikring/;/koere-uden-bilforsikring-boeder-konsekvenser/;Hvad Koster Det At Køre Uden Bilforsikring?
/dyreste-elbiler-at-forsikre-danmark-2026/;/hvorfor-er-tesla-dyrere-at-forsikre/;Hvorfor Er Tesla Dyrere At Forsikre? (2026)
/dyreste-elbiler-at-forsikre-danmark-2026/;/mercedes/amg/;Mercedes-AMG forsikring pris 2026 – komplet guide alle modeller
/dyreste-elbiler-at-forsikre-danmark-2026/;/hvad-koster-det-at-eje-en-elbil-om-aaret/;Hvad Koster Det At Eje En Elbil Om Året? Fuld Guide 2026
/dyreste-elbiler-at-forsikre-danmark-2026/;/hvad-koster-det-at-lade-elbil-tankstation/;Hvad Koster Det At Lade En Elbil På En Tankstation?
/dyreste-elbiler-at-forsikre-danmark-2026/;/brugt-tesla-forsikring-batterigaranti/;Brugt Tesla — Forsikring Og Batterigaranti (2026)
/dyreste-elbiler-at-forsikre-danmark-2026/;/lade-elbil-hjemme-forsikring/;Sådan Lader Du Din Elbil Hjemme — Og Din Forsikring
/dyreste-fejl-bilforsikring/;/bilforsikringspriser-stiger-2026/;Bilforsikringspriser stiger i 2026 – hvad kan du gøre?
/dyreste-fejl-bilforsikring/;/hvad-koster-bilforsikring-gennemsnit/;Hvad koster en bilforsikring i gennemsnit? | Guide 2026
/dyreste-fejl-bilforsikring/;/postnummer-bilforsikring-pris/;Postnummer Og Bilforsikring — Sådan Påvirker Bopæl Prisen
/elbil-vs-benzin-forsikring/;/billigste-biler-unge-under-25/;Billigste biler at forsikre for unge under 25 — 2026
/elbil-vs-benzin-forsikring/;/hvad-koster-det-at-eje-en-elbil-om-aaret/;Hvad Koster Det At Eje En Elbil Om Året? Fuld Guide 2026
/elbil-vs-benzin-forsikring/;/hvad-koster-det-at-lade-elbil-tankstation/;Hvad Koster Det At Lade En Elbil På En Tankstation?
/elbil-vs-benzin-forsikring/;/hvorfor-er-tesla-dyrere-at-forsikre/;Hvorfor Er Tesla Dyrere At Forsikre? (2026)
/elbil-vs-benzin-forsikring/;/brugt-tesla-forsikring-batterigaranti/;Brugt Tesla — Forsikring Og Batterigaranti (2026)
/elbil/;/volkswagen/id7/;Volkswagen ID.7 Forsikring – Få Skarpe Tilbud Online
/elbil/;/volkswagen/id6/;Volkswagen ID.6 Forsikring – Beregn Pris & Sammenlign
/elbil/;/hvad-koster-det-at-eje-en-elbil-om-aaret/;Hvad Koster Det At Eje En Elbil Om Året? Fuld Guide 2026
/elbil/;/suzuki/across/;Suzuki Across forsikring pris 2026 – PHEV og Toyota RAV4
/elbil/;/mercedes/eqc/;Mercedes EQC forsikring pris 2026 – komplet brugt guide
/elbil/;/xpeng/g9/;Xpeng G9 forsikring 2026 – Sammenlign priser og spar penge
/elbil/;/volkswagen/id5/;Volkswagen ID.5 Forsikring – Sammenlign Priser & Spar
/elbil/;/nissan/ariya/;Nissan Ariya Forsikring – Få Pris & Sammenlign Tilbud
/elbil/;/hvad-koster-det-at-lade-elbil-tankstation/;Hvad Koster Det At Lade En Elbil På En Tankstation?
/elbilbatteri-levetid-forsikring/;/brugt-tesla-forsikring-batterigaranti/;Brugt Tesla — Forsikring Og Batterigaranti (2026)
/elbilbatteri-levetid-forsikring/;/peugeot/e-208-pris/;Peugeot e-208 forsikring pris 2026 – elbil og 50 kWh
/elbilbatteri-levetid-forsikring/;/hvad-koster-det-at-eje-en-elbil-om-aaret/;Hvad Koster Det At Eje En Elbil Om Året? Fuld Guide 2026
/elbilbatteri-levetid-forsikring/;/hvad-koster-det-at-lade-elbil-tankstation/;Hvad Koster Det At Lade En Elbil På En Tankstation?
/elbilbatteri-levetid-forsikring/;/hvorfor-er-tesla-dyrere-at-forsikre/;Hvorfor Er Tesla Dyrere At Forsikre? (2026)
/elitebilist/;/spar-penge-bilforsikring/;Spar på Bilforsikring 2026 – 7 Metoder der Virker
/elitebilist/;/dyreste-fejl-bilforsikring/;De 5 dyreste fejl du kan begå med din bilforsikring (2026)
/elitebilist/;/bilforsikringspriser-stiger-2026/;Bilforsikringspriser stiger i 2026 – hvad kan du gøre?
/elitebilist/;/hvad-koster-bilforsikring-gennemsnit/;Hvad koster en bilforsikring i gennemsnit? | Guide 2026
/elitebilist/;/postnummer-bilforsikring-pris/;Postnummer Og Bilforsikring — Sådan Påvirker Bopæl Prisen
/erhverv/;/peugeot/partner-pris/;Peugeot Partner forsikring pris 2026 – varebil og moms
/erhverv/;/fiat/ducato/;Fiat Ducato forsikring pris 2026 – varebil og autocamper guide
/erhverv/;/toyota/proace/;Toyota Proace forsikring | Varebil & erhverv
/erhverv/;/mercedes/b-klasse/;Mercedes B-klasse forsikring pris 2026 – familie MPV guide
/erhverv/;/volkswagen/transporter/;Volkswagen Transporter forsikring pris 2026 – T6/T7 varebil
/erhverv/;/volkswagen/touareg/;Volkswagen Touareg forsikring pris – eHybrid R og premium SUV
/erhverv/;/motorcykelforsikring/;Motorcykelforsikring 2026 — sæson, kasko og pris
/erhverv/;/veteranbil/;Veteranbil forsikring 2026 — find billigste pris
/erhverv/;/volkswagen/caddy/;Volkswagen Caddy forsikring pris 2026 – Cargo, Life og Maxi
/fdm/;/forsia/;Forsia Forsikring bilforsikring 2026 — pris, dækning og vilkår
/fdm/;/aros-bilforsikring/;Aros Forsikring bilforsikring 2026 — pris, dækning og vilkår
/fdm/;/codan/;Codan bilforsikring 2026 — pris, dækning og vilkår
/fdm/;/coop/;Coop bilforsikring → Medlemsbonus & priser 2026
/fiat/;/billigste-biler-unge-under-25/;Billigste biler at forsikre for unge under 25 — 2026
/fiat/;/skoda/enyaq/;Skoda Enyaq forsikring 2026 – komplet EV guide
/fiat/;/kia/;Forsikring af Kia – Billig dækning til El, Hybrid & Benzin
/fiat/;/hyundai/;Hyundai forsikring – Sammenlign priser på i20, Tucson, IONIQ
/fiat/;/alfa-romeo/;Alfa Romeo bilforsikring – Sammenligning priser her (2026)
/fiat/;/jeep/;Bilforsikring Jeep – Sammenlign priser på jeep modeller
/fiat/;/opel/;Opel Bilforsikring 2026 – Priser, Dækning & Gode Råd
/fiat/;/seat/;SEAT bilforsikring → Pris til Ibiza, Leon & Arona 2026
/fiat/500-pris/;/fiat/ducato/;Fiat Ducato forsikring pris 2026 – varebil og autocamper guide
/fiat/500-pris/;/fiat/punto/;Fiat Punto forsikring pris 2026 – komplet brugt guide
/fiat/500-pris/;/fiat/tipo/;Fiat Tipo forsikring pris 2026 – hatchback & stationcar guide
/fiat/500-pris/;/fiat/panda/;Fiat Panda forsikring pris 2026 – billigste bybil guide
/fiat/500-pris/;/peugeot/5008-pris/;Peugeot 5008 forsikring – SUV pris, sammenlign & spar
/fiat/500-pris/;/renault/;Billig forsikring til Renault – Find den bedste pris
/fiat/ducato/;/fiat/punto/;Fiat Punto forsikring pris 2026 – komplet brugt guide
/fiat/ducato/;/fiat/500-pris/;Fiat 500 forsikring 2026 – benzin og elbil guide
/fiat/ducato/;/toyota/proace/;Toyota Proace forsikring | Varebil & erhverv
/fiat/ducato/;/erhverv/;Bilforsikring erhverv 2026 — firmabil og varebil
/fiat/panda/;/fiat/ducato/;Fiat Ducato forsikring pris 2026 – varebil og autocamper guide
/fiat/panda/;/fiat/punto/;Fiat Punto forsikring pris 2026 – komplet brugt guide
/fiat/panda/;/billigste-biler-unge-under-25/;Billigste biler at forsikre for unge under 25 — 2026
/fiat/panda/;/hyundai/bayon/;Hyundai Bayon forsikring 2026 — pris på by-crossover
/fiat/panda/;/de-10-billigste-biler-at-forsikre-danmark/;De 10 Billigste Biler At Forsikre I Danmark
/fiat/panda/;/skoda/kamiq/;Skoda Kamiq forsikring pris 2026 – kompakt bySUV guide
/fiat/punto/;/fiat/ducato/;Fiat Ducato forsikring pris 2026 – varebil og autocamper guide
/fiat/punto/;/suzuki/grand-vitara/;Suzuki Grand Vitara forsikring pris 2026 – brugt guide
/fiat/punto/;/billigste-biler-unge-under-25/;Billigste biler at forsikre for unge under 25 — 2026
/fiat/tipo/;/fiat/ducato/;Fiat Ducato forsikring pris 2026 – varebil og autocamper guide
/fiat/tipo/;/fiat/punto/;Fiat Punto forsikring pris 2026 – komplet brugt guide
/fiat/tipo/;/mercedes/b-klasse/;Mercedes B-klasse forsikring pris 2026 – familie MPV guide
/fiat/tipo/;/billigste-biler-unge-under-25/;Billigste biler at forsikre for unge under 25 — 2026
/fiat/tipo/;/hyundai/bayon/;Hyundai Bayon forsikring 2026 — pris på by-crossover
/fiat/tipo/;/mercedes/a-klasse/;Mercedes A-klasse forsikring pris 2026 – kompakt guide
/foerste-bil-efter-koerekort-billig-forsikring-ung/;/billigste-biler-unge-under-25/;Billigste biler at forsikre for unge under 25 — 2026
/foerste-bil-efter-koerekort-billig-forsikring-ung/;/de-10-billigste-biler-at-forsikre-danmark/;De 10 Billigste Biler At Forsikre I Danmark
/ford/;/hyundai/;Hyundai forsikring – Sammenlign priser på i20, Tucson, IONIQ
/ford/;/alfa-romeo/;Alfa Romeo bilforsikring – Sammenligning priser her (2026)
/ford/;/jeep/;Bilforsikring Jeep – Sammenlign priser på jeep modeller
/ford/;/honda/;Honda forsikring – Sammenlign priser på Jazz, HR-V, CR-V
/ford/;/mitsubishi/;Mitsubishi forsikring – Sammenlign priser & spar i 2026
/ford/fiesta/;/renault/clio/;Renault Clio forsikring 2026 → priser på E-Tech hybrid og TCe
/ford/fiesta/;/toyota/corolla-cross/;Toyota Corolla Cross forsikring 2026 → priser på hybrid og AWD-i
/ford/fiesta/;/dacia/sandero/;Dacia Sandero forsikring 2026 — pris og dækning
/ford/fiesta/;/nissan/qashqai/;Nissan Qashqai forsikring 2026 → priser på e-POWER og mild hybrid
/ford/fiesta/;/seat/ibiza/;Seat Ibiza forsikring 2026 → priser, FR og billigste selskab
/ford/fiesta/;/cupra/formentor/;Cupra Formentor forsikring 2026 → priser på TSI, eHybrid og VZ
/forsia/;/aros-bilforsikring/;Aros Forsikring bilforsikring 2026 — pris, dækning og vilkår
/forsia/;/codan/;Codan bilforsikring 2026 — pris, dækning og vilkår
/forsia/;/fdm/;FDM Forsikringer bilforsikring 2026 — pris, dækning og vilkår
/forsia/;/if/;If Forsikring bilforsikring 2026 — pris, dækning og vilkår
/forsikring-naer-du-saelger-din-bil/;/hvilke-bilmaerker-har-flest-skader/;Hvilke Bilmærker Har Flest Skader Ifølge Statistikken?
/forsikring-naer-du-saelger-din-bil/;/maa-man-sove-i-sin-bil/;Må Man Sove I Sin Bil? Regler Og Forsikring
/forsikring-naer-du-saelger-din-bil/;/hvor-langt-koerer-en-bil-paa-literen/;Hvor Langt Kører En Bil På Literen? Fuld Guide 2026
/forsikring-naer-du-saelger-din-bil/;/bilforsikring-import-bil-tyskland-sverige/;Bilforsikring Ved Import Fra Tyskland Eller Sverige
/gap-forsikring/;/totalskade-bil/;Totalskade på bil 2026 — hvad får du udbetalt?
/gap-forsikring/;/hvilke-bilmaerker-har-flest-skader/;Hvilke Bilmærker Har Flest Skader Ifølge Statistikken?
/gap-forsikring/;/maa-man-sove-i-sin-bil/;Må Man Sove I Sin Bil? Regler Og Forsikring
/gap-forsikring/;/hvor-langt-koerer-en-bil-paa-literen/;Hvor Langt Kører En Bil På Literen? Fuld Guide 2026
/gap-forsikring/;/bilforsikring-import-bil-tyskland-sverige/;Bilforsikring Ved Import Fra Tyskland Eller Sverige
/gf-bilforsikring/;/suzuki/;Suzuki bilforsikring → Pris til Swift, Vitara & Ignis 2026
/gf-bilforsikring/;/abcforsikring/;ABCforsikring bilforsikring – Priser, dækning & erfaringer
/gjensidige/;/forsia/;Forsia Forsikring bilforsikring 2026 — pris, dækning og vilkår
/gjensidige/;/aros-bilforsikring/;Aros Forsikring bilforsikring 2026 — pris, dækning og vilkår
/gjensidige/;/fdm/;FDM Forsikringer bilforsikring 2026 — pris, dækning og vilkår
/gjensidige/;/codan/;Codan bilforsikring 2026 — pris, dækning og vilkår
/gjensidige/;/ford/fiesta/;Ford Fiesta forsikring 2026 → priser, ST og billigste selskab
/haervaerk/;/ordbog/parkeringsskade/;Parkeringsskade — hvad betyder det? | Ordbog
/haervaerk/;/vildtskade-hvad-goer-du-koert-paa-dyr/;Vildtskade: Hvad Gør Du, Hvis Du Kører På Et Dyr? (2026)
/haervaerk/;/koert-galt-i-andens-bil/;Kørt Galt I Andens Bil — Hvad Sker Der Nu?
/haervaerk/;/daekker-kasko-motorskade-motorhavari/;Dækker Kasko Motorskade? Motorhavari Og Forsikring
/haervaerk/;/bagfra-paakoersel/;Bagfra-påkørsel 2026 — hvem hæfter, og hvad gør du?
/honda/;/alfa-romeo/;Alfa Romeo bilforsikring – Sammenligning priser her (2026)
/honda/;/jaguar/;Jaguar forsikring – se modeller og sammenlign priser
/honda/;/jeep/;Bilforsikring Jeep – Sammenlign priser på jeep modeller
/honda/;/land-rover/;Bilforsikring Land Rover – Sammenlign priser & guide (2026)
/hvad-koster-bilforsikring-gennemsnit/;/opel/;Opel Bilforsikring 2026 – Priser, Dækning & Gode Råd
/hvad-koster-bilforsikring-gennemsnit/;/coop/;Coop bilforsikring → Medlemsbonus & priser 2026
/hvad-koster-bilforsikring-gennemsnit/;/abcforsikring/;ABCforsikring bilforsikring – Priser, dækning & erfaringer
/hvad-koster-bilforsikring-gennemsnit/;/postnummer-bilforsikring-pris/;Postnummer Og Bilforsikring — Sådan Påvirker Bopæl Prisen
/hvad-koster-bilforsikring-gennemsnit/;/dyreste-fejl-bilforsikring/;De 5 dyreste fejl du kan begå med din bilforsikring (2026)
/hvad-koster-det-at-eje-en-elbil-om-aaret/;/leasingbil-eller-koebt-bil-billigst-forsikring/;Leasingbil Eller Købt Bil — Hvad Er Billigst I Forsikring?
/hvad-koster-det-at-eje-en-elbil-om-aaret/;/hvorfor-er-tesla-dyrere-at-forsikre/;Hvorfor Er Tesla Dyrere At Forsikre? (2026)
/hvad-koster-det-at-eje-en-elbil-om-aaret/;/brugt-tesla-forsikring-batterigaranti/;Brugt Tesla — Forsikring Og Batterigaranti (2026)
/hvad-koster-det-at-eje-en-elbil-om-aaret/;/elbilbatteri-levetid-forsikring/;Elbilbatteriets Levetid — Og Din Forsikring (2026)
/hvad-koster-det-at-eje-en-elbil-om-aaret/;/dyreste-elbiler-at-forsikre-danmark-2026/;De 10 Dyreste Elbiler at Forsikre i Danmark 2026
/hvad-koster-det-at-lade-elbil-tankstation/;/hvad-koster-det-at-eje-en-elbil-om-aaret/;Hvad Koster Det At Eje En Elbil Om Året? Fuld Guide 2026
/hvad-koster-det-at-lade-elbil-tankstation/;/hvorfor-er-tesla-dyrere-at-forsikre/;Hvorfor Er Tesla Dyrere At Forsikre? (2026)
/hvad-koster-det-at-lade-elbil-tankstation/;/brugt-tesla-forsikring-batterigaranti/;Brugt Tesla — Forsikring Og Batterigaranti (2026)
/hvad-koster-det-at-lade-elbil-tankstation/;/lade-elbil-hjemme-forsikring/;Sådan Lader Du Din Elbil Hjemme — Og Din Forsikring
/hvad-koster-det-at-lade-elbil-tankstation/;/elbilbatteri-levetid-forsikring/;Elbilbatteriets Levetid — Og Din Forsikring (2026)
/hvilke-bilmaerker-har-flest-skader/;/maa-man-sove-i-sin-bil/;Må Man Sove I Sin Bil? Regler Og Forsikring
/hvilke-bilmaerker-har-flest-skader/;/hvor-langt-koerer-en-bil-paa-literen/;Hvor Langt Kører En Bil På Literen? Fuld Guide 2026
/hvilke-bilmaerker-har-flest-skader/;/bilforsikring-import-bil-tyskland-sverige/;Bilforsikring Ved Import Fra Tyskland Eller Sverige
/hvilke-bilmaerker-har-flest-skader/;/vinterdaek-bilforsikring-regler/;Vinterdæk og Bilforsikring 2026 – Regler, Bøder & Dækning
/hvor-langt-koerer-en-bil-paa-literen/;/hvilke-bilmaerker-har-flest-skader/;Hvilke Bilmærker Har Flest Skader Ifølge Statistikken?
/hvor-langt-koerer-en-bil-paa-literen/;/maa-man-sove-i-sin-bil/;Må Man Sove I Sin Bil? Regler Og Forsikring
/hvor-langt-koerer-en-bil-paa-literen/;/bilforsikring-import-bil-tyskland-sverige/;Bilforsikring Ved Import Fra Tyskland Eller Sverige
/hvor-langt-koerer-en-bil-paa-literen/;/vinterdaek-bilforsikring-regler/;Vinterdæk og Bilforsikring 2026 – Regler, Bøder & Dækning
/hvorfor-er-tesla-dyrere-at-forsikre/;/hvad-koster-det-at-eje-en-elbil-om-aaret/;Hvad Koster Det At Eje En Elbil Om Året? Fuld Guide 2026
/hvorfor-er-tesla-dyrere-at-forsikre/;/hvad-koster-det-at-lade-elbil-tankstation/;Hvad Koster Det At Lade En Elbil På En Tankstation?
/hvorfor-er-tesla-dyrere-at-forsikre/;/lade-elbil-hjemme-forsikring/;Sådan Lader Du Din Elbil Hjemme — Og Din Forsikring
/hyundai/;/kia/sportage/;Kia Sportage forsikring 2026 → priser på hybrid, PHEV og benzin
/hyundai/;/fiat/;Fiat forsikring – Priser, dækning & sammenligning 2026
/hyundai/;/xpeng/;Xpeng bilforsikring → Pris, dækning & anmeldelser 2026
/hyundai/;/cupra/;Cupra forsikring 2026 — Born, Formentor og Leon
/hyundai/;/skoda/enyaq/;Skoda Enyaq forsikring 2026 – komplet EV guide
/hyundai/;/alfa-romeo/;Alfa Romeo bilforsikring – Sammenligning priser her (2026)
/hyundai/;/mini/;MINI Forsikring – Sammenlign priser på Cooper & mere
/hyundai/;/nissan/;Bilforsikring Nissan – Sammenlign priser & spar i 2026
/hyundai/;/opel/;Opel Bilforsikring 2026 – Priser, Dækning & Gode Råd
/hyundai/bayon/;/hyundai/ix35/;Hyundai ix35 forsikring — pris og kasko på brugt SUV
/hyundai/bayon/;/hyundai/santa-fe/;Hyundai Santa Fe forsikring pris – 7-sæder, hybrid og PHEV guide
/hyundai/bayon/;/hyundai/ioniq-6/;Hyundai IONIQ 6 forsikring – Sammenlign priser & spar penge
/hyundai/bayon/;/hyundai/i30/;Hyundai i30 forsikring – hatchback, stationcar og N Line guide
/hyundai/bayon/;/volkswagen/t-cross/;Volkswagen T-Cross forsikring pris – byens mindste SUV guide
/hyundai/bayon/;/fiat/tipo/;Fiat Tipo forsikring pris 2026 – hatchback & stationcar guide
/hyundai/i10/;/hyundai/ix35/;Hyundai ix35 forsikring — pris og kasko på brugt SUV
/hyundai/i10/;/hyundai/santa-fe/;Hyundai Santa Fe forsikring pris – 7-sæder, hybrid og PHEV guide
/hyundai/i10/;/hyundai/ioniq-6/;Hyundai IONIQ 6 forsikring – Sammenlign priser & spar penge
/hyundai/i10/;/audi/a1/;Audi A1 forsikring 2026 – Sammenlign priser på 2 min
/hyundai/i10/;/de-10-billigste-biler-at-forsikre-danmark/;De 10 Billigste Biler At Forsikre I Danmark
/hyundai/i10/;/kaskoforsikring-hvornaar-kan-det-betale-sig/;Kan kasko betale sig? Regnestykket på din bil (2026)
/hyundai/i20/;/hyundai/ix35/;Hyundai ix35 forsikring — pris og kasko på brugt SUV
/hyundai/i20/;/hyundai/santa-fe/;Hyundai Santa Fe forsikring pris – 7-sæder, hybrid og PHEV guide
/hyundai/i20/;/hyundai/ioniq-6/;Hyundai IONIQ 6 forsikring – Sammenlign priser & spar penge
/hyundai/i20/;/audi/a1/;Audi A1 forsikring 2026 – Sammenlign priser på 2 min
/hyundai/i20/;/audi/q2/;Audi Q2 forsikring – Sammenlign priser til din kompakte SUV
/hyundai/i20/;/xpeng/g9/;Xpeng G9 forsikring 2026 – Sammenlign priser og spar penge
/hyundai/i30/;/hyundai/ix35/;Hyundai ix35 forsikring — pris og kasko på brugt SUV
/hyundai/i30/;/hyundai/ioniq-6/;Hyundai IONIQ 6 forsikring – Sammenlign priser & spar penge
/hyundai/i30/;/hyundai/santa-fe/;Hyundai Santa Fe forsikring pris – 7-sæder, hybrid og PHEV guide
/hyundai/i30/;/hyundai/bayon/;Hyundai Bayon forsikring 2026 — pris på by-crossover
/hyundai/i30/;/kia/ev3/;Kia EV3 Forsikring | Beregn Pris og Sammenlign Tilbud
/hyundai/i30/;/fiat/tipo/;Fiat Tipo forsikring pris 2026 – hatchback & stationcar guide
/hyundai/ioniq-5/;/hyundai/ix35/;Hyundai ix35 forsikring — pris og kasko på brugt SUV
/hyundai/ioniq-5/;/hyundai/santa-fe/;Hyundai Santa Fe forsikring pris – 7-sæder, hybrid og PHEV guide
/hyundai/ioniq-5/;/hyundai/bayon/;Hyundai Bayon forsikring 2026 — pris på by-crossover
/hyundai/ioniq-5/;/xpeng/g9/;Xpeng G9 forsikring 2026 – Sammenlign priser og spar penge
/hyundai/ioniq-5/;/volkswagen/id7/;Volkswagen ID.7 Forsikring – Få Skarpe Tilbud Online
/hyundai/ioniq-5/;/hyundai/i30/;Hyundai i30 forsikring – hatchback, stationcar og N Line guide
/hyundai/ioniq-6/;/hyundai/ix35/;Hyundai ix35 forsikring — pris og kasko på brugt SUV
/hyundai/ioniq-6/;/hyundai/santa-fe/;Hyundai Santa Fe forsikring pris – 7-sæder, hybrid og PHEV guide
/hyundai/ioniq-6/;/hyundai/i30/;Hyundai i30 forsikring – hatchback, stationcar og N Line guide
/hyundai/ioniq-6/;/hyundai/bayon/;Hyundai Bayon forsikring 2026 — pris på by-crossover
/hyundai/ioniq-6/;/volkswagen/id7/;Volkswagen ID.7 Forsikring – Få Skarpe Tilbud Online
/hyundai/ioniq-6/;/volkswagen/id5/;Volkswagen ID.5 Forsikring – Sammenlign Priser & Spar
/hyundai/ix35/;/hyundai/santa-fe/;Hyundai Santa Fe forsikring pris – 7-sæder, hybrid og PHEV guide
/hyundai/ix35/;/hyundai/ioniq-6/;Hyundai IONIQ 6 forsikring – Sammenlign priser & spar penge
/hyundai/ix35/;/hyundai/bayon/;Hyundai Bayon forsikring 2026 — pris på by-crossover
/hyundai/ix35/;/toyota/auris/;Bilforsikring til Toyota Auris | Guide 2026
/hyundai/ix35/;/suzuki/grand-vitara/;Suzuki Grand Vitara forsikring pris 2026 – brugt guide
/hyundai/ix35/;/suzuki/alto/;Suzuki Alto forsikring pris 2026 – brugt guide
/hyundai/kona/;/hyundai/santa-fe/;Hyundai Santa Fe forsikring pris – 7-sæder, hybrid og PHEV guide
/hyundai/kona/;/hyundai/ix35/;Hyundai ix35 forsikring — pris og kasko på brugt SUV
/hyundai/kona/;/hyundai/bayon/;Hyundai Bayon forsikring 2026 — pris på by-crossover
/hyundai/kona/;/hyundai/ioniq-6/;Hyundai IONIQ 6 forsikring – Sammenlign priser & spar penge
/hyundai/kona/;/peugeot/e-208-pris/;Peugeot e-208 forsikring pris 2026 – elbil og 50 kWh
/hyundai/kona/;/opel/corsa/;Opel Corsa forsikring 2026 — fra 2.500 kr./år | Sammenlign
/hyundai/santa-fe/;/hyundai/ix35/;Hyundai ix35 forsikring — pris og kasko på brugt SUV
/hyundai/santa-fe/;/hyundai/bayon/;Hyundai Bayon forsikring 2026 — pris på by-crossover
/hyundai/santa-fe/;/hyundai/ioniq-6/;Hyundai IONIQ 6 forsikring – Sammenlign priser & spar penge
/hyundai/santa-fe/;/volkswagen/touran/;Volkswagen Touran forsikring pris – kompakt MPV og familiebil
/hyundai/santa-fe/;/volkswagen/sharan/;Volkswagen Sharan forsikring pris – 7-sæder MPV og familiebil
/hyundai/santa-fe/;/mercedes/gle/;Mercedes GLE forsikring pris 2026 – stor SUV guide
/hyundai/tucson/;/hyundai/santa-fe/;Hyundai Santa Fe forsikring pris – 7-sæder, hybrid og PHEV guide
/hyundai/tucson/;/hyundai/ix35/;Hyundai ix35 forsikring — pris og kasko på brugt SUV
/hyundai/tucson/;/hyundai/bayon/;Hyundai Bayon forsikring 2026 — pris på by-crossover
/hyundai/tucson/;/hyundai/kona/;Hyundai Kona forsikring — benzin og Kona Electric
/hyundai/tucson/;/peugeot/e-2008-pris/;Peugeot e-2008 forsikring pris 2026 – el-SUV guide
/hyundai/tucson/;/peugeot/308-pris/;Peugeot 308 forsikring pris 2026 – PHEV og SW guide
/if/;/forsia/;Forsia Forsikring bilforsikring 2026 — pris, dækning og vilkår
/if/;/aros-bilforsikring/;Aros Forsikring bilforsikring 2026 — pris, dækning og vilkår
/if/;/fdm/;FDM Forsikringer bilforsikring 2026 — pris, dækning og vilkår
/if/;/codan/;Codan bilforsikring 2026 — pris, dækning og vilkår
/indbrud-i-bil/;/parkeringsskade-uden-note/;Parkeringsskade uden note → Hvad gør du? Guide 2026
/indbrud-i-bil/;/vildtskade-hvad-goer-du-koert-paa-dyr/;Vildtskade: Hvad Gør Du, Hvis Du Kører På Et Dyr? (2026)
/indbrud-i-bil/;/koert-galt-i-andens-bil/;Kørt Galt I Andens Bil — Hvad Sker Der Nu?
/indbrud-i-bil/;/daekker-kasko-motorskade-motorhavari/;Dækker Kasko Motorskade? Motorhavari Og Forsikring
/indbrud-i-bil/;/bagfra-paakoersel/;Bagfra-påkørsel 2026 — hvem hæfter, og hvad gør du?
/jaguar/;/tesla/model-s/;Tesla Model S forsikring 2026 – Plaid & Long Range priser
/jaguar/;/tesla/model3/;Tesla Model 3 Forsikring 2026 – Pris, Kasko & Billigste Selskab
/jaguar/;/volkswagen/id3/;VW ID.3 Forsikring → Sammenlign Priser & Find Billigste
/jaguar/;/volkswagen/id4/;VW ID.4 Forsikring – Priser, Kasko & Billigste Selskaber
/jaguar/;/peugeot/208-pris/;Peugeot 208 Forsikring (2026) – Sammenlign priser nu
/jaguar/;/volkswagen/golf/;VW Golf forsikring 2026 – Golf 8, GTI, GTE og R
/jaguar/;/seat/;SEAT bilforsikring → Pris til Ibiza, Leon & Arona 2026
/jaguar/;/alfa-romeo/;Alfa Romeo bilforsikring – Sammenligning priser her (2026)
/jaguar/;/honda/;Honda forsikring – Sammenlign priser på Jazz, HR-V, CR-V
/jeep/;/porsche/;Porsche forsikring → 911, Cayenne & Taycan priser 2026
/jeep/;/jaguar/;Jaguar forsikring – se modeller og sammenlign priser
/jeep/;/land-rover/;Bilforsikring Land Rover – Sammenlign priser & guide (2026)
/jeep/;/mazda/;Mazda forsikring – Beregn priser gratis på 2 min
/kaskoforsikring-hvornaar-kan-det-betale-sig/;/leasingbil-eller-koebt-bil-billigst-forsikring/;Leasingbil Eller Købt Bil — Hvad Er Billigst I Forsikring?
/kaskoforsikring-hvornaar-kan-det-betale-sig/;/hyundai/i10/;Hyundai i10 forsikring — billigste Hyundai at forsikre
/kaskoforsikring-hvornaar-kan-det-betale-sig/;/selvrisiko-paa-bilforsikring/;Selvrisiko på bilforsikring → 2.000 eller 5.000 kr? 2026
/kaskoforsikring/;/dyreste-fejl-bilforsikring/;De 5 dyreste fejl du kan begå med din bilforsikring (2026)
/kaskoforsikring/;/toyota/auris/;Bilforsikring til Toyota Auris | Guide 2026
/kaskoforsikring/;/suzuki/alto/;Suzuki Alto forsikring pris 2026 – brugt guide
/kaskoforsikring/;/daekker-kasko-motorskade-motorhavari/;Dækker Kasko Motorskade? Motorhavari Og Forsikring
/kaskoforsikring/;/kaskoforsikring-hvornaar-kan-det-betale-sig/;Kan kasko betale sig? Regnestykket på din bil (2026)
/kaskoforsikring/;/ordbog/leasingforsikring/;Leasingforsikring — definition og betydning | Ordbog
/kaskoforsikring/;/toyota/land-cruiser/;Toyota Land Cruiser forsikring | Robust dækning
/kaskoforsikring/;/audi/a3/;Audi A3 Forsikring 2026 → Pris fra 5.500 kr. | Sammenlign Tilbud
/kia/;/hyundai/ioniq-6/;Hyundai IONIQ 6 forsikring – Sammenlign priser & spar penge
/kia/;/de-10-billigste-biler-at-forsikre-danmark/;De 10 Billigste Biler At Forsikre I Danmark
/kia/;/citroen/;Citroën forsikring – sammenlign tilbud her gratis 2026
/kia/;/hyundai/tucson/;Hyundai Tucson forsikring 2026 — hybrid og PHEV priser
/kia/;/mini/;MINI Forsikring – Sammenlign priser på Cooper & mere
/kia/;/nissan/;Bilforsikring Nissan – Sammenlign priser & spar i 2026
/kia/;/opel/;Opel Bilforsikring 2026 – Priser, Dækning & Gode Råd
/kia/;/porsche/;Porsche forsikring → 911, Cayenne & Taycan priser 2026
/kia/ev3/;/kia/sportage/;Kia Sportage forsikring 2026 → priser på hybrid, PHEV og benzin
/kia/ev3/;/kia/niro/;Kia Niro forsikring 2026 → priser på hybrid, PHEV og e-Niro
/kia/ev3/;/kia/ev9/;Kia EV9 forsikring 2026 — pris og batteridækning
/kia/ev3/;/volkswagen/id7/;Volkswagen ID.7 Forsikring – Få Skarpe Tilbud Online
/kia/ev3/;/volkswagen/id6/;Volkswagen ID.6 Forsikring – Beregn Pris & Sammenlign
/kia/ev3/;/volvo/ex30/;Volvo EX30 Forsikring – Sammenlign Pris & Dækning
/kia/ev6/;/kia/ev9/;Kia EV9 forsikring 2026 — pris og batteridækning
/kia/ev6/;/kia/sportage/;Kia Sportage forsikring 2026 → priser på hybrid, PHEV og benzin
/kia/ev6/;/kia/niro/;Kia Niro forsikring 2026 → priser på hybrid, PHEV og e-Niro
/kia/ev6/;/renault/clio/;Renault Clio forsikring 2026 → priser på E-Tech hybrid og TCe
/kia/ev6/;/toyota/corolla-cross/;Toyota Corolla Cross forsikring 2026 → priser på hybrid og AWD-i
/kia/ev6/;/ford/fiesta/;Ford Fiesta forsikring 2026 → priser, ST og billigste selskab
/kia/ev9/;/kia/sportage/;Kia Sportage forsikring 2026 → priser på hybrid, PHEV og benzin
/kia/ev9/;/kia/niro/;Kia Niro forsikring 2026 → priser på hybrid, PHEV og e-Niro
/kia/ev9/;/kia/ev3/;Kia EV3 Forsikring | Beregn Pris og Sammenlign Tilbud
/kia/ev9/;/renault/clio/;Renault Clio forsikring 2026 → priser på E-Tech hybrid og TCe
/kia/ev9/;/cupra/formentor/;Cupra Formentor forsikring 2026 → priser på TSI, eHybrid og VZ
/kia/ev9/;/ford/fiesta/;Ford Fiesta forsikring 2026 → priser, ST og billigste selskab
/kia/niro/;/kia/sportage/;Kia Sportage forsikring 2026 → priser på hybrid, PHEV og benzin
/kia/niro/;/kia/ev9/;Kia EV9 forsikring 2026 — pris og batteridækning
/kia/niro/;/kia/ev3/;Kia EV3 Forsikring | Beregn Pris og Sammenlign Tilbud
/kia/niro/;/renault/clio/;Renault Clio forsikring 2026 → priser på E-Tech hybrid og TCe
/kia/niro/;/nissan/qashqai/;Nissan Qashqai forsikring 2026 → priser på e-POWER og mild hybrid
/kia/niro/;/dacia/sandero/;Dacia Sandero forsikring 2026 — pris og dækning
/kia/sportage/;/kia/niro/;Kia Niro forsikring 2026 → priser på hybrid, PHEV og e-Niro
/kia/sportage/;/kia/ev9/;Kia EV9 forsikring 2026 — pris og batteridækning
/kia/sportage/;/kia/ev6/;Kia EV6 forsikring 2026 — pris og batteridækning
/kia/sportage/;/toyota/corolla-cross/;Toyota Corolla Cross forsikring 2026 → priser på hybrid og AWD-i
/kia/sportage/;/kia/ev3/;Kia EV3 Forsikring | Beregn Pris og Sammenlign Tilbud
/kia/sportage/;/hyundai/ix35/;Hyundai ix35 forsikring — pris og kasko på brugt SUV
/kilometerforsikring/;/delebil-bilforsikring/;Delebil og bilforsikring 2026 — er du dækket?
/kilometerforsikring/;/bilforsikring-udenlandsk-koerekort-udlaending/;Bilforsikring Til Udenlandsk Kørekort — Guide For Udlændinge
/kilometerforsikring/;/daekker-forsikringen-hvis-jeg-laaner-bilen-ud/;Dækker Min Forsikring, Hvis Jeg Låner Bilen Ud?
/kilometerforsikring/;/udlaan-af-bil-til-ven/;Udlån af bil til ven – er de dækket af din bilforsikring?
/koere-uden-bilforsikring-boeder-konsekvenser/;/delebil-bilforsikring/;Delebil og bilforsikring 2026 — er du dækket?
/koere-uden-bilforsikring-boeder-konsekvenser/;/bilforsikring-udenlandsk-koerekort-udlaending/;Bilforsikring Til Udenlandsk Kørekort — Guide For Udlændinge
/koere-uden-bilforsikring-boeder-konsekvenser/;/daekker-forsikringen-hvis-jeg-laaner-bilen-ud/;Dækker Min Forsikring, Hvis Jeg Låner Bilen Ud?
/koere-uden-bilforsikring-boeder-konsekvenser/;/udlaan-af-bil-til-ven/;Udlån af bil til ven – er de dækket af din bilforsikring?
/koert-galt-i-andens-bil/;/delebil-bilforsikring/;Delebil og bilforsikring 2026 — er du dækket?
/koert-galt-i-andens-bil/;/daekker-forsikringen-hvis-jeg-laaner-bilen-ud/;Dækker Min Forsikring, Hvis Jeg Låner Bilen Ud?
/koert-galt-i-andens-bil/;/lavet-bule-i-andens-bil-hvad-goer-jeg/;Jeg Har Lavet En Bule I En Andens Bil — Hvad Gør Jeg?
/koert-galt-i-andens-bil/;/vildtskade-hvad-goer-du-koert-paa-dyr/;Vildtskade: Hvad Gør Du, Hvis Du Kører På Et Dyr? (2026)
/koert-galt-i-andens-bil/;/daekker-kasko-motorskade-motorhavari/;Dækker Kasko Motorskade? Motorhavari Og Forsikring
/koert-galt-i-andens-bil/;/bagfra-paakoersel/;Bagfra-påkørsel 2026 — hvem hæfter, og hvad gør du?
/koert-galt-i-andens-bil/;/trafikulykke-hvad-goer-du/;Trafikulykke 2026 — hvad gør du de første 60 minutter?
/laanebil/;/delebil-bilforsikring/;Delebil og bilforsikring 2026 — er du dækket?
/laanebil/;/koert-galt-i-andens-bil/;Kørt Galt I Andens Bil — Hvad Sker Der Nu?
/laanebil/;/daekker-forsikringen-hvis-jeg-laaner-bilen-ud/;Dækker Min Forsikring, Hvis Jeg Låner Bilen Ud?
/laanebil/;/udlaan-af-bil-til-ven/;Udlån af bil til ven – er de dækket af din bilforsikring?
/laanebil/;/bilforsikring-udenlandsk-koerekort-udlaending/;Bilforsikring Til Udenlandsk Kørekort — Guide For Udlændinge
/laanebil/;/kilometerforsikring/;Kilometerforsikring 2026 — betal kun for de km du kører
/laanebil/;/koere-uden-bilforsikring-boeder-konsekvenser/;Hvad Koster Det At Køre Uden Bilforsikring?
/lade-elbil-hjemme-forsikring/;/hvad-koster-det-at-eje-en-elbil-om-aaret/;Hvad Koster Det At Eje En Elbil Om Året? Fuld Guide 2026
/lade-elbil-hjemme-forsikring/;/hvad-koster-det-at-lade-elbil-tankstation/;Hvad Koster Det At Lade En Elbil På En Tankstation?
/lade-elbil-hjemme-forsikring/;/hvorfor-er-tesla-dyrere-at-forsikre/;Hvorfor Er Tesla Dyrere At Forsikre? (2026)
/lade-elbil-hjemme-forsikring/;/brugt-tesla-forsikring-batterigaranti/;Brugt Tesla — Forsikring Og Batterigaranti (2026)
/land-rover/;/toyota/land-cruiser/;Toyota Land Cruiser forsikring | Robust dækning
/land-rover/;/suzuki/jimny/;Suzuki Jimny forsikring pris 2026 – off-road og tyveri
/land-rover/;/mitsubishi/;Mitsubishi forsikring – Sammenlign priser & spar i 2026
/land-rover/;/seat/;SEAT bilforsikring → Pris til Ibiza, Leon & Arona 2026
/land-rover/;/zeekr/;Forsikring Zeekr 2026 — X, 7X og 001 | Sammenlign priser
/land-rover/;/alfa-romeo/;Alfa Romeo bilforsikring – Sammenligning priser her (2026)
/lastbilforsikring/;/erhverv/;Bilforsikring erhverv 2026 — firmabil og varebil
/lastbilforsikring/;/motorcykelforsikring/;Motorcykelforsikring 2026 — sæson, kasko og pris
/lastbilforsikring/;/taxa/;Taxaforsikring → Priser, dækning & driftstab 2026
/lastbilforsikring/;/busforsikring/;Busforsikring 2026 — minibusser, skolebusser og turistbusser
/lastbilforsikring/;/veteranbil/;Veteranbil forsikring 2026 — find billigste pris
/lavet-bule-i-andens-bil-hvad-goer-jeg/;/koert-galt-i-andens-bil/;Kørt Galt I Andens Bil — Hvad Sker Der Nu?
/lavet-bule-i-andens-bil-hvad-goer-jeg/;/ordbog/parkeringsskade/;Parkeringsskade — hvad betyder det? | Ordbog
/lavet-bule-i-andens-bil-hvad-goer-jeg/;/stenslag-forrude-forsikring/;Stenslag i forruden → Hvad dækker forsikringen 2026?
/lavet-bule-i-andens-bil-hvad-goer-jeg/;/parkeringsskade-uden-note/;Parkeringsskade uden note → Hvad gør du? Guide 2026
/lavet-bule-i-andens-bil-hvad-goer-jeg/;/vildtskade-hvad-goer-du-koert-paa-dyr/;Vildtskade: Hvad Gør Du, Hvis Du Kører På Et Dyr? (2026)
/lavet-bule-i-andens-bil-hvad-goer-jeg/;/daekker-kasko-motorskade-motorhavari/;Dækker Kasko Motorskade? Motorhavari Og Forsikring
/lavet-bule-i-andens-bil-hvad-goer-jeg/;/bagfra-paakoersel/;Bagfra-påkørsel 2026 — hvem hæfter, og hvad gør du?
/lavet-bule-i-andens-bil-hvad-goer-jeg/;/trafikulykke-hvad-goer-du/;Trafikulykke 2026 — hvad gør du de første 60 minutter?
/leasing/;/leasingbil-eller-koebt-bil-billigst-forsikring/;Leasingbil Eller Købt Bil — Hvad Er Billigst I Forsikring?
/leasing/;/delebil-bilforsikring/;Delebil og bilforsikring 2026 — er du dækket?
/leasing/;/mercedes/cla-shooting-brake/;Mercedes CLA Shooting Brake forsikring pris 2026
/leasing/;/mercedes/gle/;Mercedes GLE forsikring pris 2026 – stor SUV guide
/leasing/;/volvo/v60-cross-country/;Volvo V60 Cross Country forsikring pris 2026 – guide
/leasing/;/mercedes/cla/;Mercedes CLA forsikring pris 2026 – ny EV guide
/leasing/;/audi/q5/;Audi Q5 forsikring pris 2026 – TFSI e & AWD
/leasing/;/ordbog/leasingforsikring/;Leasingforsikring — definition og betydning | Ordbog
/leasingbil-eller-koebt-bil-billigst-forsikring/;/hvad-koster-det-at-eje-en-elbil-om-aaret/;Hvad Koster Det At Eje En Elbil Om Året? Fuld Guide 2026
/lexus/;/citroen/;Citroën forsikring – sammenlign tilbud her gratis 2026
/lexus/;/dacia/;Dacia forsikring 2026 — Sandero, Duster og Spring
/lexus/;/ford/;Ford forsikring 2026 — priser på Puma, Kuga og Mach-E
/lexus/;/jaguar/;Jaguar forsikring – se modeller og sammenlign priser
/lexus/;/jeep/;Bilforsikring Jeep – Sammenlign priser på jeep modeller
/lexus/;/mini/;MINI Forsikring – Sammenlign priser på Cooper & mere
/maa-man-sove-i-sin-bil/;/hvilke-bilmaerker-har-flest-skader/;Hvilke Bilmærker Har Flest Skader Ifølge Statistikken?
/maa-man-sove-i-sin-bil/;/hvor-langt-koerer-en-bil-paa-literen/;Hvor Langt Kører En Bil På Literen? Fuld Guide 2026
/maa-man-sove-i-sin-bil/;/bilforsikring-import-bil-tyskland-sverige/;Bilforsikring Ved Import Fra Tyskland Eller Sverige
/maa-man-sove-i-sin-bil/;/vinterdaek-bilforsikring-regler/;Vinterdæk og Bilforsikring 2026 – Regler, Bøder & Dækning
/maanedlig-betaling/;/spar-penge-bilforsikring/;Spar på Bilforsikring 2026 – 7 Metoder der Virker
/maanedlig-betaling/;/dyreste-fejl-bilforsikring/;De 5 dyreste fejl du kan begå med din bilforsikring (2026)
/maanedlig-betaling/;/bilforsikringspriser-stiger-2026/;Bilforsikringspriser stiger i 2026 – hvad kan du gøre?
/maanedlig-betaling/;/hvad-koster-bilforsikring-gennemsnit/;Hvad koster en bilforsikring i gennemsnit? | Guide 2026
/maanedlig-betaling/;/postnummer-bilforsikring-pris/;Postnummer Og Bilforsikring — Sådan Påvirker Bopæl Prisen
/mazda/;/nissan/;Bilforsikring Nissan – Sammenlign priser & spar i 2026
/mazda/;/land-rover/;Bilforsikring Land Rover – Sammenlign priser & guide (2026)
/mazda/;/opel/;Opel Bilforsikring 2026 – Priser, Dækning & Gode Råd
/mazda/;/porsche/;Porsche forsikring → 911, Cayenne & Taycan priser 2026
/mazda/;/seat/;SEAT bilforsikring → Pris til Ibiza, Leon & Arona 2026
/mercedes/;/mazda/;Mazda forsikring – Beregn priser gratis på 2 min
/mercedes/;/honda/;Honda forsikring – Sammenlign priser på Jazz, HR-V, CR-V
/mercedes/;/mitsubishi/;Mitsubishi forsikring – Sammenlign priser & spar i 2026
/mercedes/;/nissan/;Bilforsikring Nissan – Sammenlign priser & spar i 2026
/mercedes/;/zeekr/;Forsikring Zeekr 2026 — X, 7X og 001 | Sammenlign priser
/mercedes/a-klasse/;/mercedes/b-klasse/;Mercedes B-klasse forsikring pris 2026 – familie MPV guide
/mercedes/a-klasse/;/mercedes/eqc/;Mercedes EQC forsikring pris 2026 – komplet brugt guide
/mercedes/a-klasse/;/mercedes/cla-shooting-brake/;Mercedes CLA Shooting Brake forsikring pris 2026
/mercedes/a-klasse/;/mercedes/e-klasse/;Mercedes E-klasse forsikring pris 2026 – sedan & stationcar
/mercedes/a-klasse/;/volvo/s60/;Volvo S60 forsikring pris – Beregn din pris hurtigt
/mercedes/a-klasse/;/fiat/tipo/;Fiat Tipo forsikring pris 2026 – hatchback & stationcar guide
/mercedes/amg/;/mercedes/eqc/;Mercedes EQC forsikring pris 2026 – komplet brugt guide
/mercedes/amg/;/mercedes/cla-shooting-brake/;Mercedes CLA Shooting Brake forsikring pris 2026
/mercedes/amg/;/mercedes/b-klasse/;Mercedes B-klasse forsikring pris 2026 – familie MPV guide
/mercedes/amg/;/mercedes/eqa/;Mercedes EQA forsikring pris 2026 – kompakt EV guide
/mercedes/amg/;/dyreste-elbiler-at-forsikre-danmark-2026/;De 10 Dyreste Elbiler at Forsikre i Danmark 2026
/mercedes/b-klasse/;/mercedes/cla-shooting-brake/;Mercedes CLA Shooting Brake forsikring pris 2026
/mercedes/b-klasse/;/mercedes/eqc/;Mercedes EQC forsikring pris 2026 – komplet brugt guide
/mercedes/b-klasse/;/mercedes/gle/;Mercedes GLE forsikring pris 2026 – stor SUV guide
/mercedes/b-klasse/;/mercedes/e-klasse/;Mercedes E-klasse forsikring pris 2026 – sedan & stationcar
/mercedes/b-klasse/;/erhverv/;Bilforsikring erhverv 2026 — firmabil og varebil
/mercedes/b-klasse/;/fiat/tipo/;Fiat Tipo forsikring pris 2026 – hatchback & stationcar guide
/mercedes/c-klasse/;/mercedes/b-klasse/;Mercedes B-klasse forsikring pris 2026 – familie MPV guide
/mercedes/c-klasse/;/mercedes/cla-shooting-brake/;Mercedes CLA Shooting Brake forsikring pris 2026
/mercedes/c-klasse/;/mercedes/eqc/;Mercedes EQC forsikring pris 2026 – komplet brugt guide
/mercedes/c-klasse/;/mercedes/gle/;Mercedes GLE forsikring pris 2026 – stor SUV guide
/mercedes/c-klasse/;/bmw/3-serie/;BMW 3-serie forsikring pris 2026 – 318i, 320d og 330e
/mercedes/cla-shooting-brake/;/mercedes/eqc/;Mercedes EQC forsikring pris 2026 – komplet brugt guide
/mercedes/cla-shooting-brake/;/mercedes/b-klasse/;Mercedes B-klasse forsikring pris 2026 – familie MPV guide
/mercedes/cla-shooting-brake/;/mercedes/amg/;Mercedes-AMG forsikring pris 2026 – komplet guide alle modeller
/mercedes/cla-shooting-brake/;/mercedes/e-klasse/;Mercedes E-klasse forsikring pris 2026 – sedan & stationcar
/mercedes/cla-shooting-brake/;/volkswagen/arteon/;VW Arteon forsikring pris 2026 – Shooting Brake guide
/mercedes/cla-shooting-brake/;/volvo/s60/;Volvo S60 forsikring pris – Beregn din pris hurtigt
/mercedes/cla/;/mercedes/cla-shooting-brake/;Mercedes CLA Shooting Brake forsikring pris 2026
/mercedes/cla/;/mercedes/eqc/;Mercedes EQC forsikring pris 2026 – komplet brugt guide
/mercedes/cla/;/mercedes/b-klasse/;Mercedes B-klasse forsikring pris 2026 – familie MPV guide
/mercedes/cla/;/mercedes/glb/;Mercedes GLB forsikring pris 2026 – ny elektrisk 7-sæder
/mercedes/cla/;/volkswagen/arteon/;VW Arteon forsikring pris 2026 – Shooting Brake guide
/mercedes/cla/;/xpeng/p7-plus/;Xpeng P7+ forsikring pris 2026 – 446 kW ladeguide
/mercedes/e-klasse/;/mercedes/b-klasse/;Mercedes B-klasse forsikring pris 2026 – familie MPV guide
/mercedes/e-klasse/;/mercedes/cla-shooting-brake/;Mercedes CLA Shooting Brake forsikring pris 2026
/mercedes/e-klasse/;/mercedes/eqc/;Mercedes EQC forsikring pris 2026 – komplet brugt guide
/mercedes/e-klasse/;/mercedes/a-klasse/;Mercedes A-klasse forsikring pris 2026 – kompakt guide
/mercedes/e-klasse/;/volvo/s60/;Volvo S60 forsikring pris – Beregn din pris hurtigt
/mercedes/e-klasse/;/volvo/v60/;Volvo V60 forsikring pris 2026 – stationcar & CC guide
/mercedes/eqa/;/mercedes/eqc/;Mercedes EQC forsikring pris 2026 – komplet brugt guide
/mercedes/eqa/;/mercedes/b-klasse/;Mercedes B-klasse forsikring pris 2026 – familie MPV guide
/mercedes/eqa/;/mercedes/cla-shooting-brake/;Mercedes CLA Shooting Brake forsikring pris 2026
/mercedes/eqa/;/mercedes/gla/;Mercedes GLA forsikring pris 2026 – kompakt SUV guide
/mercedes/eqa/;/bmw/ix1/;BMW iX1 Forsikring – Sammenlign Priser og Spar i Dag
/mercedes/eqa/;/audi/q4-etron/;Audi Q4 e-tron Forsikring – Find Pris & Bedste Dækning
/mercedes/eqc/;/mercedes/cla-shooting-brake/;Mercedes CLA Shooting Brake forsikring pris 2026
/mercedes/eqc/;/mercedes/b-klasse/;Mercedes B-klasse forsikring pris 2026 – familie MPV guide
/mercedes/eqc/;/mercedes/amg/;Mercedes-AMG forsikring pris 2026 – komplet guide alle modeller
/mercedes/eqc/;/mercedes/gla/;Mercedes GLA forsikring pris 2026 – kompakt SUV guide
/mercedes/eqe/;/mercedes/eqc/;Mercedes EQC forsikring pris 2026 – komplet brugt guide
/mercedes/eqe/;/mercedes/cla-shooting-brake/;Mercedes CLA Shooting Brake forsikring pris 2026
/mercedes/eqe/;/mercedes/b-klasse/;Mercedes B-klasse forsikring pris 2026 – familie MPV guide
/mercedes/eqe/;/mercedes/amg/;Mercedes-AMG forsikring pris 2026 – komplet guide alle modeller
/mercedes/eqe/;/dyreste-elbiler-at-forsikre-danmark-2026/;De 10 Dyreste Elbiler at Forsikre i Danmark 2026
/mercedes/eqe/;/audi/e-tron-gt/;Audi e-tron GT forsikring pris 2026 – Sports elbil
/mercedes/eqs/;/mercedes/eqc/;Mercedes EQC forsikring pris 2026 – komplet brugt guide
/mercedes/eqs/;/mercedes/cla-shooting-brake/;Mercedes CLA Shooting Brake forsikring pris 2026
/mercedes/eqs/;/mercedes/b-klasse/;Mercedes B-klasse forsikring pris 2026 – familie MPV guide
/mercedes/eqs/;/mercedes/amg/;Mercedes-AMG forsikring pris 2026 – komplet guide alle modeller
/mercedes/eqs/;/dyreste-elbiler-at-forsikre-danmark-2026/;De 10 Dyreste Elbiler at Forsikre i Danmark 2026
/mercedes/gla/;/mercedes/b-klasse/;Mercedes B-klasse forsikring pris 2026 – familie MPV guide
/mercedes/gla/;/mercedes/eqc/;Mercedes EQC forsikring pris 2026 – komplet brugt guide
/mercedes/gla/;/mercedes/cla-shooting-brake/;Mercedes CLA Shooting Brake forsikring pris 2026
/mercedes/gla/;/mercedes/amg/;Mercedes-AMG forsikring pris 2026 – komplet guide alle modeller
/mercedes/gla/;/skoda/octavia/;Skoda Octavia forsikring pris 2026 – sedan & Combi guide
/mercedes/glb/;/mercedes/eqc/;Mercedes EQC forsikring pris 2026 – komplet brugt guide
/mercedes/glb/;/mercedes/cla-shooting-brake/;Mercedes CLA Shooting Brake forsikring pris 2026
/mercedes/glb/;/mercedes/b-klasse/;Mercedes B-klasse forsikring pris 2026 – familie MPV guide
/mercedes/glb/;/mercedes/gle/;Mercedes GLE forsikring pris 2026 – stor SUV guide
/mercedes/glb/;/erhverv/;Bilforsikring erhverv 2026 — firmabil og varebil
/mercedes/glc/;/mercedes/b-klasse/;Mercedes B-klasse forsikring pris 2026 – familie MPV guide
/mercedes/glc/;/mercedes/eqc/;Mercedes EQC forsikring pris 2026 – komplet brugt guide
/mercedes/glc/;/mercedes/cla-shooting-brake/;Mercedes CLA Shooting Brake forsikring pris 2026
/mercedes/glc/;/mercedes/e-klasse/;Mercedes E-klasse forsikring pris 2026 – sedan & stationcar
/mercedes/glc/;/skoda/epiq/;Skoda Epiq forsikring pris 2026 – ny elbil guide
/mercedes/glc/;/bmw/x3/;BMW X3 forsikring pris 2026 – SUV, xDrive & hybrid
/mercedes/gle/;/mercedes/b-klasse/;Mercedes B-klasse forsikring pris 2026 – familie MPV guide
/mercedes/gle/;/mercedes/eqc/;Mercedes EQC forsikring pris 2026 – komplet brugt guide
/mercedes/gle/;/mercedes/cla-shooting-brake/;Mercedes CLA Shooting Brake forsikring pris 2026
/mercedes/gle/;/mercedes/gla/;Mercedes GLA forsikring pris 2026 – kompakt SUV guide
/mercedes/gle/;/hyundai/santa-fe/;Hyundai Santa Fe forsikring pris – 7-sæder, hybrid og PHEV guide
/mercedes/gle/;/bmw/x5/;BMW X5 forsikring pris 2026 – xDrive30d, 50e og X5 M
/mest-paalidelige-biler-at-forsikre-danmark-2026/;/de-10-billigste-biler-at-forsikre-danmark/;De 10 Billigste Biler At Forsikre I Danmark
/mest-paalidelige-biler-at-forsikre-danmark-2026/;/hvilke-bilmaerker-har-flest-skader/;Hvilke Bilmærker Har Flest Skader Ifølge Statistikken?
/mest-paalidelige-biler-at-forsikre-danmark-2026/;/maa-man-sove-i-sin-bil/;Må Man Sove I Sin Bil? Regler Og Forsikring
/mest-paalidelige-biler-at-forsikre-danmark-2026/;/hvor-langt-koerer-en-bil-paa-literen/;Hvor Langt Kører En Bil På Literen? Fuld Guide 2026
/mest-paalidelige-biler-at-forsikre-danmark-2026/;/bilforsikring-import-bil-tyskland-sverige/;Bilforsikring Ved Import Fra Tyskland Eller Sverige
/mest-solgte-elbiler-danmark-2026-forsikring/;/dyreste-elbiler-at-forsikre-danmark-2026/;De 10 Dyreste Elbiler at Forsikre i Danmark 2026
/mest-solgte-elbiler-danmark-2026-forsikring/;/hvad-koster-det-at-eje-en-elbil-om-aaret/;Hvad Koster Det At Eje En Elbil Om Året? Fuld Guide 2026
/mest-solgte-elbiler-danmark-2026-forsikring/;/hvad-koster-det-at-lade-elbil-tankstation/;Hvad Koster Det At Lade En Elbil På En Tankstation?
/mest-solgte-elbiler-danmark-2026-forsikring/;/hvorfor-er-tesla-dyrere-at-forsikre/;Hvorfor Er Tesla Dyrere At Forsikre? (2026)
/mest-solgte-elbiler-danmark-2026-forsikring/;/brugt-tesla-forsikring-batterigaranti/;Brugt Tesla — Forsikring Og Batterigaranti (2026)
/mini/;/mazda/;Mazda forsikring – Beregn priser gratis på 2 min
/mini/;/alfa-romeo/;Alfa Romeo bilforsikring – Sammenligning priser her (2026)
/mini/;/honda/;Honda forsikring – Sammenlign priser på Jazz, HR-V, CR-V
/mini/;/jeep/;Bilforsikring Jeep – Sammenlign priser på jeep modeller
/mitsubishi/;/nissan/;Bilforsikring Nissan – Sammenlign priser & spar i 2026
/mitsubishi/;/ford/;Ford forsikring 2026 — priser på Puma, Kuga og Mach-E
/mitsubishi/;/jaguar/;Jaguar forsikring – se modeller og sammenlign priser
/mitsubishi/;/land-rover/;Bilforsikring Land Rover – Sammenlign priser & guide (2026)
/mitsubishi/;/mini/;MINI Forsikring – Sammenlign priser på Cooper & mere
/motorcykelforsikring/;/taxa/;Taxaforsikring → Priser, dækning & driftstab 2026
/motorcykelforsikring/;/busforsikring/;Busforsikring 2026 — minibusser, skolebusser og turistbusser
/motorcykelforsikring/;/varevogn/;Varevogn Forsikring | Sammenlign Priser På 2 min her
/motorcykelforsikring/;/lastbilforsikring/;Lastbilforsikring 2026 — priser på lette og tunge lastbiler
/nissan/;/mitsubishi/;Mitsubishi forsikring – Sammenlign priser & spar i 2026
/nissan/;/bilforsikring-brugt-bil/;Bilforsikring ved køb af brugt bil — guide 2026
/nissan/;/opel/;Opel Bilforsikring 2026 – Priser, Dækning & Gode Råd
/nissan/;/porsche/;Porsche forsikring → 911, Cayenne & Taycan priser 2026
/nissan/;/seat/;SEAT bilforsikring → Pris til Ibiza, Leon & Arona 2026
/nissan/;/zeekr/;Forsikring Zeekr 2026 — X, 7X og 001 | Sammenlign priser
/nissan/ariya/;/nissan/qashqai/;Nissan Qashqai forsikring 2026 → priser på e-POWER og mild hybrid
/nissan/ariya/;/volkswagen/id7/;Volkswagen ID.7 Forsikring – Få Skarpe Tilbud Online
/nissan/ariya/;/volvo/ex30/;Volvo EX30 Forsikring – Sammenlign Pris & Dækning
/nissan/ariya/;/volkswagen/id5/;Volkswagen ID.5 Forsikring – Sammenlign Priser & Spar
/nissan/ariya/;/hyundai/ioniq-6/;Hyundai IONIQ 6 forsikring – Sammenlign priser & spar penge
/nissan/ariya/;/audi/q4-etron/;Audi Q4 e-tron Forsikring – Find Pris & Bedste Dækning
/nissan/qashqai/;/toyota/corolla-cross/;Toyota Corolla Cross forsikring 2026 → priser på hybrid og AWD-i
/nissan/qashqai/;/renault/clio/;Renault Clio forsikring 2026 → priser på E-Tech hybrid og TCe
/nissan/qashqai/;/dacia/sandero/;Dacia Sandero forsikring 2026 — pris og dækning
/nissan/qashqai/;/kia/sportage/;Kia Sportage forsikring 2026 → priser på hybrid, PHEV og benzin
/nissan/qashqai/;/ford/fiesta/;Ford Fiesta forsikring 2026 → priser, ST og billigste selskab
/nissan/qashqai/;/kia/niro/;Kia Niro forsikring 2026 → priser på hybrid, PHEV og e-Niro
/opel/;/hvad-koster-bilforsikring-gennemsnit/;Hvad koster en bilforsikring i gennemsnit? | Guide 2026
/opel/;/lexus/;Lexus forsikring 2026 — priser på UX, NX, RX og RZ
/opel/;/mazda/;Mazda forsikring – Beregn priser gratis på 2 min
/opel/;/mitsubishi/;Mitsubishi forsikring – Sammenlign priser & spar i 2026
/opel/;/nissan/;Bilforsikring Nissan – Sammenlign priser & spar i 2026
/opel/corsa/;/hyundai/ioniq-6/;Hyundai IONIQ 6 forsikring – Sammenlign priser & spar penge
/opel/corsa/;/billigste-biler-unge-under-25/;Billigste biler at forsikre for unge under 25 — 2026
/opel/corsa/;/skoda/citigo/;Skoda Citigo forsikring 2026 — priser fra 1.200 kr./år
/opel/corsa/;/peugeot/208-pris/;Peugeot 208 Forsikring (2026) – Sammenlign priser nu
/opel/corsa/;/kia/ev3/;Kia EV3 Forsikring | Beregn Pris og Sammenlign Tilbud
/opel/corsa/;/peugeot/5008-pris/;Peugeot 5008 forsikring – SUV pris, sammenlign & spar
/ordbog/;/alfa-romeo/;Alfa Romeo bilforsikring – Sammenligning priser her (2026)
/ordbog/;/ford/;Ford forsikring 2026 — priser på Puma, Kuga og Mach-E
/ordbog/;/honda/;Honda forsikring – Sammenlign priser på Jazz, HR-V, CR-V
/ordbog/;/jaguar/;Jaguar forsikring – se modeller og sammenlign priser
/ordbog/batterigaranti/;/ordbog/ratebetaling/;Ratebetaling på bilforsikring — hvad betyder det? | Ordbog
/ordbog/batterigaranti/;/ordbog/fortrydelsesret/;Fortrydelsesret — definition | Ordbog
/ordbog/batterigaranti/;/ordbog/midlertidig-forsikring/;Midlertidig forsikring — hvad betyder det? | Ordbog
/ordbog/batterigaranti/;/brugt-tesla-forsikring-batterigaranti/;Brugt Tesla — Forsikring Og Batterigaranti (2026)
/ordbog/batterigaranti/;/peugeot/e-208-pris/;Peugeot e-208 forsikring pris 2026 – elbil og 50 kWh
/ordbog/batterigaranti/;/ordbog/tyveridaekning/;Tyveridækning — hvad betyder det? | Forsikringsordbog
/ordbog/batterigaranti/;/ordbog/foererulykke/;Førerulykke — definition og dækning | Ordbog
/ordbog/batterigaranti/;/ordbog/leasingforsikring/;Leasingforsikring — definition og betydning | Ordbog
/ordbog/bopaalszone/;/ordbog/ratebetaling/;Ratebetaling på bilforsikring — hvad betyder det? | Ordbog
/ordbog/bopaalszone/;/ordbog/fortrydelsesret/;Fortrydelsesret — definition | Ordbog
/ordbog/bopaalszone/;/ordbog/midlertidig-forsikring/;Midlertidig forsikring — hvad betyder det? | Ordbog
/ordbog/bopaalszone/;/ordbog/kilometerbegransning/;Kilometerbegrænsning — definition | Ordbog
/ordbog/bopaalszone/;/ordbog/dobbeltforsikring/;Dobbeltforsikring — hvad betyder det? | Forsikringsordbog
/ordbog/bopaalszone/;/ordbog/opsigelsesvarsel/;Opsigelsesvarsel — definition | Ordbog
/ordbog/bopaalszone/;/ordbog/batterigaranti/;Batterigaranti på elbil — hvad betyder det? | Ordbog
/ordbog/brandskade/;/ordbog/ratebetaling/;Ratebetaling på bilforsikring — hvad betyder det? | Ordbog
/ordbog/brandskade/;/ordbog/fortrydelsesret/;Fortrydelsesret — definition | Ordbog
/ordbog/brandskade/;/ordbog/midlertidig-forsikring/;Midlertidig forsikring — hvad betyder det? | Ordbog
/ordbog/brandskade/;/ordbog/kilometerbegransning/;Kilometerbegrænsning — definition | Ordbog
/ordbog/brandskade/;/ordbog/bopaalszone/;Bopælszone på bilforsikring — hvad betyder det? | Ordbog
/ordbog/brandskade/;/ordbog/groent-kort/;Grønt kort bil — hvad betyder det? | Forsikringsordbog
/ordbog/brandskade/;/ordbog/spirituskoersel/;Spirituskørsel og forsikring — hvad betyder det? | Ordbog
/ordbog/delkasko/;/ordbog/parkeringsskade/;Parkeringsskade — hvad betyder det? | Ordbog
/ordbog/delkasko/;/ordbog/naturskade/;Naturskade på bil — hvad betyder det? | Forsikringsordbog
/ordbog/delkasko/;/ordbog/brandskade/;Brandskade på bil — hvad betyder det? | Forsikringsordbog
/ordbog/delkasko/;/ordbog/dobbeltforsikring/;Dobbeltforsikring — hvad betyder det? | Forsikringsordbog
/ordbog/dobbeltforsikring/;/ordbog/fortrydelsesret/;Fortrydelsesret — definition | Ordbog
/ordbog/dobbeltforsikring/;/ordbog/ratebetaling/;Ratebetaling på bilforsikring — hvad betyder det? | Ordbog
/ordbog/dobbeltforsikring/;/ordbog/midlertidig-forsikring/;Midlertidig forsikring — hvad betyder det? | Ordbog
/ordbog/dobbeltforsikring/;/ordbog/kilometerbegransning/;Kilometerbegrænsning — definition | Ordbog
/ordbog/dobbeltforsikring/;/ordbog/parkeringsskade/;Parkeringsskade — hvad betyder det? | Ordbog
/ordbog/dobbeltforsikring/;/ordbog/naturskade/;Naturskade på bil — hvad betyder det? | Forsikringsordbog
/ordbog/dobbeltforsikring/;/ordbog/skadesanmeldelse/;Skadesanmeldelse — hvad betyder det? | Ordbog
/ordbog/firmabil/;/ordbog/ratebetaling/;Ratebetaling på bilforsikring — hvad betyder det? | Ordbog
/ordbog/firmabil/;/ordbog/fortrydelsesret/;Fortrydelsesret — definition | Ordbog
/ordbog/firmabil/;/ordbog/midlertidig-forsikring/;Midlertidig forsikring — hvad betyder det? | Ordbog
/ordbog/firmabil/;/ordbog/kilometerbegransning/;Kilometerbegrænsning — definition | Ordbog
/ordbog/firmabil/;/ordbog/naturskade/;Naturskade på bil — hvad betyder det? | Forsikringsordbog
/ordbog/firmabil/;/ordbog/opsigelsesvarsel/;Opsigelsesvarsel — definition | Ordbog
/ordbog/firmabil/;/ordbog/bopaalszone/;Bopælszone på bilforsikring — hvad betyder det? | Ordbog
/ordbog/foererulykke/;/ordbog/fortrydelsesret/;Fortrydelsesret — definition | Ordbog
/ordbog/foererulykke/;/ordbog/ratebetaling/;Ratebetaling på bilforsikring — hvad betyder det? | Ordbog
/ordbog/foererulykke/;/ordbog/midlertidig-forsikring/;Midlertidig forsikring — hvad betyder det? | Ordbog
/ordbog/foererulykke/;/ordbog/kilometerbegransning/;Kilometerbegrænsning — definition | Ordbog
/ordbog/foererulykke/;/ordbog/naturskade/;Naturskade på bil — hvad betyder det? | Forsikringsordbog
/ordbog/foererulykke/;/ordbog/spirituskoersel/;Spirituskørsel og forsikring — hvad betyder det? | Ordbog
/ordbog/foererulykke/;/ordbog/brandskade/;Brandskade på bil — hvad betyder det? | Forsikringsordbog
/ordbog/fortrydelsesret/;/ordbog/midlertidig-forsikring/;Midlertidig forsikring — hvad betyder det? | Ordbog
/ordbog/fortrydelsesret/;/ordbog/ratebetaling/;Ratebetaling på bilforsikring — hvad betyder det? | Ordbog
/ordbog/fortrydelsesret/;/ordbog/dobbeltforsikring/;Dobbeltforsikring — hvad betyder det? | Forsikringsordbog
/ordbog/fortrydelsesret/;/ordbog/kilometerbegransning/;Kilometerbegrænsning — definition | Ordbog
/ordbog/fortrydelsesret/;/ordbog/spirituskoersel/;Spirituskørsel og forsikring — hvad betyder det? | Ordbog
/ordbog/fortrydelsesret/;/ordbog/tyveridaekning/;Tyveridækning — hvad betyder det? | Forsikringsordbog
/ordbog/fortrydelsesret/;/ordbog/foererulykke/;Førerulykke — definition og dækning | Ordbog
/ordbog/glasdaekning/;/ordbog/ratebetaling/;Ratebetaling på bilforsikring — hvad betyder det? | Ordbog
/ordbog/glasdaekning/;/ordbog/fortrydelsesret/;Fortrydelsesret — definition | Ordbog
/ordbog/glasdaekning/;/ordbog/tyveridaekning/;Tyveridækning — hvad betyder det? | Forsikringsordbog
/ordbog/glasdaekning/;/ordbog/kilometerbegransning/;Kilometerbegrænsning — definition | Ordbog
/ordbog/glasdaekning/;/ordbog/leasingforsikring/;Leasingforsikring — definition og betydning | Ordbog
/ordbog/glasdaekning/;/ordbog/brandskade/;Brandskade på bil — hvad betyder det? | Forsikringsordbog
/ordbog/glasdaekning/;/ordbog/samlerabat/;Samlerabat på bilforsikring — hvad betyder det? | Ordbog
/ordbog/groent-kort/;/bilforsikring-udenlandsk-koerekort-udlaending/;Bilforsikring Til Udenlandsk Kørekort — Guide For Udlændinge
/ordbog/groent-kort/;/ordbog/leasingforsikring/;Leasingforsikring — definition og betydning | Ordbog
/ordbog/groent-kort/;/ordbog/foererulykke/;Førerulykke — definition og dækning | Ordbog
/ordbog/groent-kort/;/ordbog/praemieberegning/;Præmieberegning — hvad betyder det? | Forsikringsordbog
/ordbog/groent-kort/;/ordbog/parkeringsskade/;Parkeringsskade — hvad betyder det? | Ordbog
/ordbog/groent-kort/;/ordbog/naturskade/;Naturskade på bil — hvad betyder det? | Forsikringsordbog
/ordbog/groent-kort/;/ordbog/skadesanmeldelse/;Skadesanmeldelse — hvad betyder det? | Ordbog
/ordbog/grov-uagtsomhed/;/ordbog/kilometerbegransning/;Kilometerbegrænsning — definition | Ordbog
/ordbog/grov-uagtsomhed/;/ordbog/tyveridaekning/;Tyveridækning — hvad betyder det? | Forsikringsordbog
/ordbog/grov-uagtsomhed/;/ordbog/brandskade/;Brandskade på bil — hvad betyder det? | Forsikringsordbog
/ordbog/grov-uagtsomhed/;/ordbog/leasingforsikring/;Leasingforsikring — definition og betydning | Ordbog
/ordbog/grov-uagtsomhed/;/ordbog/naturskade/;Naturskade på bil — hvad betyder det? | Forsikringsordbog
/ordbog/grov-uagtsomhed/;/ordbog/dobbeltforsikring/;Dobbeltforsikring — hvad betyder det? | Forsikringsordbog
/ordbog/grov-uagtsomhed/;/ordbog/opsigelsesvarsel/;Opsigelsesvarsel — definition | Ordbog
/ordbog/kilometerbegransning/;/ordbog/ratebetaling/;Ratebetaling på bilforsikring — hvad betyder det? | Ordbog
/ordbog/kilometerbegransning/;/ordbog/fortrydelsesret/;Fortrydelsesret — definition | Ordbog
/ordbog/kilometerbegransning/;/ordbog/midlertidig-forsikring/;Midlertidig forsikring — hvad betyder det? | Ordbog
/ordbog/kilometerbegransning/;/ordbog/dobbeltforsikring/;Dobbeltforsikring — hvad betyder det? | Forsikringsordbog
/ordbog/kilometerbegransning/;/ordbog/opsigelsesvarsel/;Opsigelsesvarsel — definition | Ordbog
/ordbog/kilometerbegransning/;/ordbog/groent-kort/;Grønt kort bil — hvad betyder det? | Forsikringsordbog
/ordbog/kilometerbegransning/;/ordbog/spirituskoersel/;Spirituskørsel og forsikring — hvad betyder det? | Ordbog
/ordbog/leasingforsikring/;/ordbog/ratebetaling/;Ratebetaling på bilforsikring — hvad betyder det? | Ordbog
/ordbog/leasingforsikring/;/ordbog/fortrydelsesret/;Fortrydelsesret — definition | Ordbog
/ordbog/leasingforsikring/;/ordbog/midlertidig-forsikring/;Midlertidig forsikring — hvad betyder det? | Ordbog
/ordbog/leasingforsikring/;/ordbog/kilometerbegransning/;Kilometerbegrænsning — definition | Ordbog
/ordbog/leasingforsikring/;/ordbog/naturskade/;Naturskade på bil — hvad betyder det? | Forsikringsordbog
/ordbog/leasingforsikring/;/ordbog/spirituskoersel/;Spirituskørsel og forsikring — hvad betyder det? | Ordbog
/ordbog/leasingforsikring/;/ordbog/foererulykke/;Førerulykke — definition og dækning | Ordbog
/ordbog/midlertidig-forsikring/;/ordbog/ratebetaling/;Ratebetaling på bilforsikring — hvad betyder det? | Ordbog
/ordbog/midlertidig-forsikring/;/ordbog/fortrydelsesret/;Fortrydelsesret — definition | Ordbog
/ordbog/midlertidig-forsikring/;/ordbog/kilometerbegransning/;Kilometerbegrænsning — definition | Ordbog
/ordbog/midlertidig-forsikring/;/ordbog/dobbeltforsikring/;Dobbeltforsikring — hvad betyder det? | Forsikringsordbog
/ordbog/midlertidig-forsikring/;/ordbog/tyveridaekning/;Tyveridækning — hvad betyder det? | Forsikringsordbog
/ordbog/midlertidig-forsikring/;/ordbog/foererulykke/;Førerulykke — definition og dækning | Ordbog
/ordbog/midlertidig-forsikring/;/ordbog/leasingforsikring/;Leasingforsikring — definition og betydning | Ordbog
/ordbog/naturskade/;/ordbog/ratebetaling/;Ratebetaling på bilforsikring — hvad betyder det? | Ordbog
/ordbog/naturskade/;/ordbog/fortrydelsesret/;Fortrydelsesret — definition | Ordbog
/ordbog/naturskade/;/ordbog/midlertidig-forsikring/;Midlertidig forsikring — hvad betyder det? | Ordbog
/ordbog/naturskade/;/ordbog/kilometerbegransning/;Kilometerbegrænsning — definition | Ordbog
/ordbog/naturskade/;/ordbog/bopaalszone/;Bopælszone på bilforsikring — hvad betyder det? | Ordbog
/ordbog/naturskade/;/ordbog/spirituskoersel/;Spirituskørsel og forsikring — hvad betyder det? | Ordbog
/ordbog/naturskade/;/ordbog/foererulykke/;Førerulykke — definition og dækning | Ordbog
/ordbog/opsigelsesvarsel/;/ordbog/fortrydelsesret/;Fortrydelsesret — definition | Ordbog
/ordbog/opsigelsesvarsel/;/ordbog/ratebetaling/;Ratebetaling på bilforsikring — hvad betyder det? | Ordbog
/ordbog/opsigelsesvarsel/;/ordbog/midlertidig-forsikring/;Midlertidig forsikring — hvad betyder det? | Ordbog
/ordbog/opsigelsesvarsel/;/ordbog/kilometerbegransning/;Kilometerbegrænsning — definition | Ordbog
/ordbog/opsigelsesvarsel/;/ordbog/brandskade/;Brandskade på bil — hvad betyder det? | Forsikringsordbog
/ordbog/opsigelsesvarsel/;/ordbog/bopaalszone/;Bopælszone på bilforsikring — hvad betyder det? | Ordbog
/ordbog/opsigelsesvarsel/;/ordbog/batterigaranti/;Batterigaranti på elbil — hvad betyder det? | Ordbog
/ordbog/parkeringsskade/;/lavet-bule-i-andens-bil-hvad-goer-jeg/;Jeg Har Lavet En Bule I En Andens Bil — Hvad Gør Jeg?
/ordbog/parkeringsskade/;/ordbog/ratebetaling/;Ratebetaling på bilforsikring — hvad betyder det? | Ordbog
/ordbog/parkeringsskade/;/ordbog/brandskade/;Brandskade på bil — hvad betyder det? | Forsikringsordbog
/ordbog/parkeringsskade/;/ordbog/bopaalszone/;Bopælszone på bilforsikring — hvad betyder det? | Ordbog
/ordbog/parkeringsskade/;/ordbog/naturskade/;Naturskade på bil — hvad betyder det? | Forsikringsordbog
/ordbog/parkeringsskade/;/ordbog/spirituskoersel/;Spirituskørsel og forsikring — hvad betyder det? | Ordbog
/ordbog/parkeringsskade/;/ordbog/foererulykke/;Førerulykke — definition og dækning | Ordbog
/ordbog/praemieberegning/;/ordbog/ratebetaling/;Ratebetaling på bilforsikring — hvad betyder det? | Ordbog
/ordbog/praemieberegning/;/ordbog/kilometerbegransning/;Kilometerbegrænsning — definition | Ordbog
/ordbog/praemieberegning/;/ordbog/fortrydelsesret/;Fortrydelsesret — definition | Ordbog
/ordbog/praemieberegning/;/ordbog/midlertidig-forsikring/;Midlertidig forsikring — hvad betyder det? | Ordbog
/ordbog/praemieberegning/;/ordbog/parkeringsskade/;Parkeringsskade — hvad betyder det? | Ordbog
/ordbog/praemieberegning/;/ordbog/opsigelsesvarsel/;Opsigelsesvarsel — definition | Ordbog
/ordbog/praemieberegning/;/ordbog/batterigaranti/;Batterigaranti på elbil — hvad betyder det? | Ordbog
/ordbog/ratebetaling/;/ordbog/midlertidig-forsikring/;Midlertidig forsikring — hvad betyder det? | Ordbog
/ordbog/ratebetaling/;/ordbog/fortrydelsesret/;Fortrydelsesret — definition | Ordbog
/ordbog/ratebetaling/;/ordbog/kilometerbegransning/;Kilometerbegrænsning — definition | Ordbog
/ordbog/ratebetaling/;/ordbog/bopaalszone/;Bopælszone på bilforsikring — hvad betyder det? | Ordbog
/ordbog/ratebetaling/;/ordbog/batterigaranti/;Batterigaranti på elbil — hvad betyder det? | Ordbog
/ordbog/ratebetaling/;/ordbog/groent-kort/;Grønt kort bil — hvad betyder det? | Forsikringsordbog
/ordbog/ratebetaling/;/ordbog/spirituskoersel/;Spirituskørsel og forsikring — hvad betyder det? | Ordbog
/ordbog/samlerabat/;/ordbog/midlertidig-forsikring/;Midlertidig forsikring — hvad betyder det? | Ordbog
/ordbog/samlerabat/;/ordbog/ratebetaling/;Ratebetaling på bilforsikring — hvad betyder det? | Ordbog
/ordbog/samlerabat/;/ordbog/fortrydelsesret/;Fortrydelsesret — definition | Ordbog
/ordbog/samlerabat/;/ordbog/kilometerbegransning/;Kilometerbegrænsning — definition | Ordbog
/ordbog/samlerabat/;/ordbog/brandskade/;Brandskade på bil — hvad betyder det? | Forsikringsordbog
/ordbog/samlerabat/;/ordbog/tyveridaekning/;Tyveridækning — hvad betyder det? | Forsikringsordbog
/ordbog/samlerabat/;/ordbog/foererulykke/;Førerulykke — definition og dækning | Ordbog
/ordbog/selvrisiko/;/ordbog/ratebetaling/;Ratebetaling på bilforsikring — hvad betyder det? | Ordbog
/ordbog/selvrisiko/;/ordbog/midlertidig-forsikring/;Midlertidig forsikring — hvad betyder det? | Ordbog
/ordbog/selvrisiko/;/ordbog/fortrydelsesret/;Fortrydelsesret — definition | Ordbog
/ordbog/selvrisiko/;/ordbog/kilometerbegransning/;Kilometerbegrænsning — definition | Ordbog
/ordbog/selvrisiko/;/ordbog/bopaalszone/;Bopælszone på bilforsikring — hvad betyder det? | Ordbog
/ordbog/selvrisiko/;/ordbog/groent-kort/;Grønt kort bil — hvad betyder det? | Forsikringsordbog
/ordbog/selvrisiko/;/ordbog/spirituskoersel/;Spirituskørsel og forsikring — hvad betyder det? | Ordbog
/ordbog/skadesanmeldelse/;/ordbog/fortrydelsesret/;Fortrydelsesret — definition | Ordbog
/ordbog/skadesanmeldelse/;/ordbog/ratebetaling/;Ratebetaling på bilforsikring — hvad betyder det? | Ordbog
/ordbog/skadesanmeldelse/;/ordbog/midlertidig-forsikring/;Midlertidig forsikring — hvad betyder det? | Ordbog
/ordbog/skadesanmeldelse/;/ordbog/kilometerbegransning/;Kilometerbegrænsning — definition | Ordbog
/ordbog/skadesanmeldelse/;/ordbog/naturskade/;Naturskade på bil — hvad betyder det? | Forsikringsordbog
/ordbog/skadesanmeldelse/;/ordbog/brandskade/;Brandskade på bil — hvad betyder det? | Forsikringsordbog
/ordbog/skadesanmeldelse/;/ordbog/dobbeltforsikring/;Dobbeltforsikring — hvad betyder det? | Forsikringsordbog
/ordbog/spirituskoersel/;/ordbog/ratebetaling/;Ratebetaling på bilforsikring — hvad betyder det? | Ordbog
/ordbog/spirituskoersel/;/ordbog/fortrydelsesret/;Fortrydelsesret — definition | Ordbog
/ordbog/spirituskoersel/;/ordbog/midlertidig-forsikring/;Midlertidig forsikring — hvad betyder det? | Ordbog
/ordbog/spirituskoersel/;/ordbog/kilometerbegransning/;Kilometerbegrænsning — definition | Ordbog
/ordbog/spirituskoersel/;/ordbog/brandskade/;Brandskade på bil — hvad betyder det? | Forsikringsordbog
/ordbog/spirituskoersel/;/ordbog/samlerabat/;Samlerabat på bilforsikring — hvad betyder det? | Ordbog
/ordbog/spirituskoersel/;/ordbog/dobbeltforsikring/;Dobbeltforsikring — hvad betyder det? | Forsikringsordbog
/ordbog/totalskade/;/ordbog/leasingforsikring/;Leasingforsikring — definition og betydning | Ordbog
/ordbog/totalskade/;/ordbog/tyveridaekning/;Tyveridækning — hvad betyder det? | Forsikringsordbog
/ordbog/totalskade/;/ordbog/kilometerbegransning/;Kilometerbegrænsning — definition | Ordbog
/ordbog/totalskade/;/ordbog/brandskade/;Brandskade på bil — hvad betyder det? | Forsikringsordbog
/ordbog/totalskade/;/ordbog/parkeringsskade/;Parkeringsskade — hvad betyder det? | Ordbog
/ordbog/totalskade/;/ordbog/naturskade/;Naturskade på bil — hvad betyder det? | Forsikringsordbog
/ordbog/totalskade/;/ordbog/skadesanmeldelse/;Skadesanmeldelse — hvad betyder det? | Ordbog
/ordbog/tyveridaekning/;/ordbog/ratebetaling/;Ratebetaling på bilforsikring — hvad betyder det? | Ordbog
/ordbog/tyveridaekning/;/ordbog/fortrydelsesret/;Fortrydelsesret — definition | Ordbog
/ordbog/tyveridaekning/;/ordbog/midlertidig-forsikring/;Midlertidig forsikring — hvad betyder det? | Ordbog
/ordbog/tyveridaekning/;/ordbog/kilometerbegransning/;Kilometerbegrænsning — definition | Ordbog
/ordbog/tyveridaekning/;/ordbog/opsigelsesvarsel/;Opsigelsesvarsel — definition | Ordbog
/ordbog/tyveridaekning/;/ordbog/foererulykke/;Førerulykke — definition og dækning | Ordbog
/ordbog/tyveridaekning/;/ordbog/leasingforsikring/;Leasingforsikring — definition og betydning | Ordbog
/ordbog/vaerdiforringelse/;/ordbog/fortrydelsesret/;Fortrydelsesret — definition | Ordbog
/ordbog/vaerdiforringelse/;/ordbog/ratebetaling/;Ratebetaling på bilforsikring — hvad betyder det? | Ordbog
/ordbog/vaerdiforringelse/;/ordbog/midlertidig-forsikring/;Midlertidig forsikring — hvad betyder det? | Ordbog
/ordbog/vaerdiforringelse/;/ordbog/leasingforsikring/;Leasingforsikring — definition og betydning | Ordbog
/ordbog/vaerdiforringelse/;/ordbog/bopaalszone/;Bopælszone på bilforsikring — hvad betyder det? | Ordbog
/ordbog/vaerdiforringelse/;/ordbog/groent-kort/;Grønt kort bil — hvad betyder det? | Forsikringsordbog
/ordbog/vaerdiforringelse/;/ordbog/spirituskoersel/;Spirituskørsel og forsikring — hvad betyder det? | Ordbog
/ordbog/vejhjaelp/;/daekker-kasko-motorskade-motorhavari/;Dækker Kasko Motorskade? Motorhavari Og Forsikring
/ordbog/vejhjaelp/;/ordbog/ratebetaling/;Ratebetaling på bilforsikring — hvad betyder det? | Ordbog
/ordbog/vejhjaelp/;/ordbog/kilometerbegransning/;Kilometerbegrænsning — definition | Ordbog
/ordbog/vejhjaelp/;/ordbog/leasingforsikring/;Leasingforsikring — definition og betydning | Ordbog
/ordbog/vejhjaelp/;/ordbog/dobbeltforsikring/;Dobbeltforsikring — hvad betyder det? | Forsikringsordbog
/ordbog/vejhjaelp/;/ordbog/tyveridaekning/;Tyveridækning — hvad betyder det? | Forsikringsordbog
/ordbog/vejhjaelp/;/ordbog/foererulykke/;Førerulykke — definition og dækning | Ordbog
/parkeringsskade-uden-note/;/indbrud-i-bil/;Indbrud i bil → Hvad dækker forsikringen? Guide 2026
/parkeringsskade-uden-note/;/stenslag-forrude-forsikring/;Stenslag i forruden → Hvad dækker forsikringen 2026?
/parkeringsskade-uden-note/;/ordbog/skadesanmeldelse/;Skadesanmeldelse — hvad betyder det? | Ordbog
/parkeringsskade-uden-note/;/vildtskade-hvad-goer-du-koert-paa-dyr/;Vildtskade: Hvad Gør Du, Hvis Du Kører På Et Dyr? (2026)
/parkeringsskade-uden-note/;/koert-galt-i-andens-bil/;Kørt Galt I Andens Bil — Hvad Sker Der Nu?
/parkeringsskade-uden-note/;/daekker-kasko-motorskade-motorhavari/;Dækker Kasko Motorskade? Motorhavari Og Forsikring
/parkeringsskade-uden-note/;/bagfra-paakoersel/;Bagfra-påkørsel 2026 — hvem hæfter, og hvad gør du?
/peugeot/;/billigste-peugeot-forsikring/;Billigste Peugeot bil at forsikre 2026 – komplet rangering
/peugeot/;/erhverv/;Bilforsikring erhverv 2026 — firmabil og varebil
/peugeot/;/toyota/aygo/;Toyota Aygo forsikring — Sammenlign priser på under 2 min
/peugeot/;/hyundai/i30/;Hyundai i30 forsikring – hatchback, stationcar og N Line guide
/peugeot/;/skoda/fabia/;Skoda Fabia forsikring 2026 – billigste priser her
/peugeot/;/tesla/model3/;Tesla Model 3 Forsikring 2026 – Pris, Kasko & Billigste Selskab
/peugeot/;/jeep/;Bilforsikring Jeep – Sammenlign priser på jeep modeller
/peugeot/;/land-rover/;Bilforsikring Land Rover – Sammenlign priser & guide (2026)
/peugeot/;/lexus/;Lexus forsikring 2026 — priser på UX, NX, RX og RZ
/peugeot/106-pris/;/peugeot/407-pris/;Peugeot 407 forsikring pris 2026 – SW og pendler guide
/peugeot/106-pris/;/billigste-peugeot-forsikring/;Billigste Peugeot bil at forsikre 2026 – komplet rangering
/peugeot/106-pris/;/peugeot/partner-pris/;Peugeot Partner forsikring pris 2026 – varebil og moms
/peugeot/106-pris/;/peugeot/e-2008-pris/;Peugeot e-2008 forsikring pris 2026 – el-SUV guide
/peugeot/106-pris/;/peugeot/e-208-pris/;Peugeot e-208 forsikring pris 2026 – elbil og 50 kWh
/peugeot/107-pris/;/peugeot/106-pris/;Peugeot 106 forsikring pris 2026 – klassiker og første bil
/peugeot/107-pris/;/peugeot/407-pris/;Peugeot 407 forsikring pris 2026 – SW og pendler guide
/peugeot/107-pris/;/peugeot/partner-pris/;Peugeot Partner forsikring pris 2026 – varebil og moms
/peugeot/107-pris/;/billigste-peugeot-forsikring/;Billigste Peugeot bil at forsikre 2026 – komplet rangering
/peugeot/107-pris/;/peugeot/e-208-pris/;Peugeot e-208 forsikring pris 2026 – elbil og 50 kWh
/peugeot/107-pris/;/suzuki/grand-vitara/;Suzuki Grand Vitara forsikring pris 2026 – brugt guide
/peugeot/2008-pris/;/peugeot/e-2008-pris/;Peugeot e-2008 forsikring pris 2026 – el-SUV guide
/peugeot/2008-pris/;/peugeot/e-208-pris/;Peugeot e-208 forsikring pris 2026 – elbil og 50 kWh
/peugeot/2008-pris/;/peugeot/408-pris/;Peugeot 408 forsikring pris 2026 – PHEV og e-408
/peugeot/2008-pris/;/peugeot/partner-pris/;Peugeot Partner forsikring pris 2026 – varebil og moms
/peugeot/2008-pris/;/billigste-peugeot-forsikring/;Billigste Peugeot bil at forsikre 2026 – komplet rangering
/peugeot/2008-pris/;/hyundai/bayon/;Hyundai Bayon forsikring 2026 — pris på by-crossover
/peugeot/206-pris/;/peugeot/106-pris/;Peugeot 106 forsikring pris 2026 – klassiker og første bil
/peugeot/206-pris/;/peugeot/407-pris/;Peugeot 407 forsikring pris 2026 – SW og pendler guide
/peugeot/206-pris/;/billigste-peugeot-forsikring/;Billigste Peugeot bil at forsikre 2026 – komplet rangering
/peugeot/206-pris/;/peugeot/partner-pris/;Peugeot Partner forsikring pris 2026 – varebil og moms
/peugeot/206-pris/;/suzuki/alto/;Suzuki Alto forsikring pris 2026 – brugt guide
/peugeot/206-pris/;/peugeot/e-2008-pris/;Peugeot e-2008 forsikring pris 2026 – el-SUV guide
/peugeot/207-pris/;/peugeot/106-pris/;Peugeot 106 forsikring pris 2026 – klassiker og første bil
/peugeot/207-pris/;/peugeot/407-pris/;Peugeot 407 forsikring pris 2026 – SW og pendler guide
/peugeot/207-pris/;/peugeot/partner-pris/;Peugeot Partner forsikring pris 2026 – varebil og moms
/peugeot/207-pris/;/hyundai/ix35/;Hyundai ix35 forsikring — pris og kasko på brugt SUV
/peugeot/207-pris/;/peugeot/e-2008-pris/;Peugeot e-2008 forsikring pris 2026 – el-SUV guide
/peugeot/207-pris/;/suzuki/alto/;Suzuki Alto forsikring pris 2026 – brugt guide
/peugeot/208-pris/;/peugeot/5008-pris/;Peugeot 5008 forsikring – SUV pris, sammenlign & spar
/peugeot/208-pris/;/peugeot/partner-pris/;Peugeot Partner forsikring pris 2026 – varebil og moms
/peugeot/208-pris/;/peugeot/106-pris/;Peugeot 106 forsikring pris 2026 – klassiker og første bil
/peugeot/208-pris/;/peugeot/407-pris/;Peugeot 407 forsikring pris 2026 – SW og pendler guide
/peugeot/208-pris/;/billigste-peugeot-forsikring/;Billigste Peugeot bil at forsikre 2026 – komplet rangering
/peugeot/208-pris/;/hyundai/ioniq-6/;Hyundai IONIQ 6 forsikring – Sammenlign priser & spar penge
/peugeot/3008-pris/;/peugeot/408-pris/;Peugeot 408 forsikring pris 2026 – PHEV og e-408
/peugeot/3008-pris/;/peugeot/e-208-pris/;Peugeot e-208 forsikring pris 2026 – elbil og 50 kWh
/peugeot/3008-pris/;/peugeot/e-2008-pris/;Peugeot e-2008 forsikring pris 2026 – el-SUV guide
/peugeot/3008-pris/;/peugeot/partner-pris/;Peugeot Partner forsikring pris 2026 – varebil og moms
/peugeot/3008-pris/;/billigste-peugeot-forsikring/;Billigste Peugeot bil at forsikre 2026 – komplet rangering
/peugeot/3008-pris/;/hyundai/santa-fe/;Hyundai Santa Fe forsikring pris – 7-sæder, hybrid og PHEV guide
/peugeot/308-pris/;/peugeot/408-pris/;Peugeot 408 forsikring pris 2026 – PHEV og e-408
/peugeot/308-pris/;/peugeot/partner-pris/;Peugeot Partner forsikring pris 2026 – varebil og moms
/peugeot/308-pris/;/peugeot/106-pris/;Peugeot 106 forsikring pris 2026 – klassiker og første bil
/peugeot/308-pris/;/peugeot/407-pris/;Peugeot 407 forsikring pris 2026 – SW og pendler guide
/peugeot/308-pris/;/billigste-peugeot-forsikring/;Billigste Peugeot bil at forsikre 2026 – komplet rangering
/peugeot/308-pris/;/billigste-biler-unge-under-25/;Billigste biler at forsikre for unge under 25 — 2026
/peugeot/407-pris/;/peugeot/106-pris/;Peugeot 106 forsikring pris 2026 – klassiker og første bil
/peugeot/407-pris/;/peugeot/partner-pris/;Peugeot Partner forsikring pris 2026 – varebil og moms
/peugeot/407-pris/;/billigste-peugeot-forsikring/;Billigste Peugeot bil at forsikre 2026 – komplet rangering
/peugeot/407-pris/;/peugeot/206-pris/;Peugeot 206 forsikring pris 2026 – ikonisk folkebil brugt guide
/peugeot/407-pris/;/peugeot/107-pris/;Peugeot 107 forsikring pris 2026 – billigste bybil
/peugeot/407-pris/;/suzuki/grand-vitara/;Suzuki Grand Vitara forsikring pris 2026 – brugt guide
/peugeot/408-pris/;/peugeot/partner-pris/;Peugeot Partner forsikring pris 2026 – varebil og moms
/peugeot/408-pris/;/peugeot/106-pris/;Peugeot 106 forsikring pris 2026 – klassiker og første bil
/peugeot/408-pris/;/peugeot/e-2008-pris/;Peugeot e-2008 forsikring pris 2026 – el-SUV guide
/peugeot/408-pris/;/peugeot/2008-pris/;Peugeot 2008 forsikring pris 2026 – SUV og e-2008 guide
/peugeot/408-pris/;/billigste-peugeot-forsikring/;Billigste Peugeot bil at forsikre 2026 – komplet rangering
/peugeot/408-pris/;/volkswagen/arteon/;VW Arteon forsikring pris 2026 – Shooting Brake guide
/peugeot/5008-pris/;/peugeot/partner-pris/;Peugeot Partner forsikring pris 2026 – varebil og moms
/peugeot/5008-pris/;/peugeot/106-pris/;Peugeot 106 forsikring pris 2026 – klassiker og første bil
/peugeot/5008-pris/;/peugeot/407-pris/;Peugeot 407 forsikring pris 2026 – SW og pendler guide
/peugeot/5008-pris/;/peugeot/508-pris/;Peugeot 508 forsikring pris – Sammenlign priser & spar nu
/peugeot/5008-pris/;/volkswagen/id7/;Volkswagen ID.7 Forsikring – Få Skarpe Tilbud Online
/peugeot/5008-pris/;/volkswagen/id6/;Volkswagen ID.6 Forsikring – Beregn Pris & Sammenlign
/peugeot/508-pris/;/peugeot/408-pris/;Peugeot 408 forsikring pris 2026 – PHEV og e-408
/peugeot/508-pris/;/peugeot/partner-pris/;Peugeot Partner forsikring pris 2026 – varebil og moms
/peugeot/508-pris/;/peugeot/407-pris/;Peugeot 407 forsikring pris 2026 – SW og pendler guide
/peugeot/508-pris/;/peugeot/106-pris/;Peugeot 106 forsikring pris 2026 – klassiker og første bil
/peugeot/508-pris/;/xpeng/g9/;Xpeng G9 forsikring 2026 – Sammenlign priser og spar penge
/peugeot/508-pris/;/audi/q2/;Audi Q2 forsikring – Sammenlign priser til din kompakte SUV
/peugeot/e-2008-pris/;/peugeot/partner-pris/;Peugeot Partner forsikring pris 2026 – varebil og moms
/peugeot/e-2008-pris/;/peugeot/106-pris/;Peugeot 106 forsikring pris 2026 – klassiker og første bil
/peugeot/e-2008-pris/;/peugeot/407-pris/;Peugeot 407 forsikring pris 2026 – SW og pendler guide
/peugeot/e-2008-pris/;/peugeot/408-pris/;Peugeot 408 forsikring pris 2026 – PHEV og e-408
/peugeot/e-2008-pris/;/billigste-peugeot-forsikring/;Billigste Peugeot bil at forsikre 2026 – komplet rangering
/peugeot/e-2008-pris/;/hyundai/kona/;Hyundai Kona forsikring — benzin og Kona Electric
/peugeot/e-208-pris/;/peugeot/partner-pris/;Peugeot Partner forsikring pris 2026 – varebil og moms
/peugeot/e-208-pris/;/peugeot/106-pris/;Peugeot 106 forsikring pris 2026 – klassiker og første bil
/peugeot/e-208-pris/;/peugeot/3008-pris/;Peugeot 3008 forsikring pris 2026 – SUV og elektrisk
/peugeot/e-208-pris/;/peugeot/407-pris/;Peugeot 407 forsikring pris 2026 – SW og pendler guide
/peugeot/e-208-pris/;/billigste-peugeot-forsikring/;Billigste Peugeot bil at forsikre 2026 – komplet rangering
/peugeot/e-208-pris/;/elbilbatteri-levetid-forsikring/;Elbilbatteriets Levetid — Og Din Forsikring (2026)
/peugeot/partner-pris/;/peugeot/106-pris/;Peugeot 106 forsikring pris 2026 – klassiker og første bil
/peugeot/partner-pris/;/peugeot/407-pris/;Peugeot 407 forsikring pris 2026 – SW og pendler guide
/peugeot/partner-pris/;/peugeot/e-2008-pris/;Peugeot e-2008 forsikring pris 2026 – el-SUV guide
/peugeot/partner-pris/;/erhverv/;Bilforsikring erhverv 2026 — firmabil og varebil
/peugeot/partner-pris/;/peugeot/206-pris/;Peugeot 206 forsikring pris 2026 – ikonisk folkebil brugt guide
/peugeot/partner-pris/;/toyota/proace/;Toyota Proace forsikring | Varebil & erhverv
/polestar/;/volvo/s60/;Volvo S60 forsikring pris – Beregn din pris hurtigt
/polestar/;/volvo/xc40/;Volvo XC40 forsikring pris 2026 – EX40 & Recharge
/porsche/;/dyreste-elbiler-at-forsikre-danmark-2026/;De 10 Dyreste Elbiler at Forsikre i Danmark 2026
/porsche/;/mitsubishi/;Mitsubishi forsikring – Sammenlign priser & spar i 2026
/porsche/;/nissan/;Bilforsikring Nissan – Sammenlign priser & spar i 2026
/porsche/;/opel/;Opel Bilforsikring 2026 – Priser, Dækning & Gode Råd
/porsche/;/seat/;SEAT bilforsikring → Pris til Ibiza, Leon & Arona 2026
/postnummer-bilforsikring-pris/;/ordbog/bopaalszone/;Bopælszone på bilforsikring — hvad betyder det? | Ordbog
/postnummer-bilforsikring-pris/;/hvad-koster-bilforsikring-gennemsnit/;Hvad koster en bilforsikring i gennemsnit? | Guide 2026
/postnummer-bilforsikring-pris/;/dyreste-fejl-bilforsikring/;De 5 dyreste fejl du kan begå med din bilforsikring (2026)
/postnummer-bilforsikring-pris/;/bilforsikringspriser-stiger-2026/;Bilforsikringspriser stiger i 2026 – hvad kan du gøre?
/postnummer-bilforsikring-pris/;/spar-penge-bilforsikring/;Spar på Bilforsikring 2026 – 7 Metoder der Virker
/postnummer-bilforsikring-pris/;/selvrisiko-paa-bilforsikring/;Selvrisiko på bilforsikring → 2.000 eller 5.000 kr? 2026
/renault/;/peugeot/5008-pris/;Peugeot 5008 forsikring – SUV pris, sammenlign & spar
/renault/;/kia/ev3/;Kia EV3 Forsikring | Beregn Pris og Sammenlign Tilbud
/renault/;/opel/corsa/;Opel Corsa forsikring 2026 — fra 2.500 kr./år | Sammenlign
/renault/;/peugeot/e-208-pris/;Peugeot e-208 forsikring pris 2026 – elbil og 50 kWh
/renault/;/fiat/500-pris/;Fiat 500 forsikring 2026 – benzin og elbil guide
/renault/;/audi/q3/;Audi Q3 forsikring pris 2026 – Sportback & SUV
/renault/;/mini/;MINI Forsikring – Sammenlign priser på Cooper & mere
/renault/;/porsche/;Porsche forsikring → 911, Cayenne & Taycan priser 2026
/renault/;/xpeng/;Xpeng bilforsikring → Pris, dækning & anmeldelser 2026
/renault/clio/;/dacia/sandero/;Dacia Sandero forsikring 2026 — pris og dækning
/renault/clio/;/nissan/qashqai/;Nissan Qashqai forsikring 2026 → priser på e-POWER og mild hybrid
/renault/clio/;/ford/fiesta/;Ford Fiesta forsikring 2026 → priser, ST og billigste selskab
/renault/clio/;/cupra/formentor/;Cupra Formentor forsikring 2026 → priser på TSI, eHybrid og VZ
/renault/clio/;/toyota/corolla-cross/;Toyota Corolla Cross forsikring 2026 → priser på hybrid og AWD-i
/renault/clio/;/kia/sportage/;Kia Sportage forsikring 2026 → priser på hybrid, PHEV og benzin
/seat/;/volkswagen/t-cross/;Volkswagen T-Cross forsikring pris – byens mindste SUV guide
/seat/;/cupra/formentor/;Cupra Formentor forsikring 2026 → priser på TSI, eHybrid og VZ
/seat/;/audi/q2/;Audi Q2 forsikring – Sammenlign priser til din kompakte SUV
/seat/;/skoda/fabia/;Skoda Fabia forsikring 2026 – billigste priser her
/seat/;/volkswagen/polo/;VW Polo forsikring 2026 — priser TSI, eTSI og GTI | Sammenlign
/seat/;/alfa-romeo/;Alfa Romeo bilforsikring – Sammenligning priser her (2026)
/seat/;/ford/;Ford forsikring 2026 — priser på Puma, Kuga og Mach-E
/seat/;/honda/;Honda forsikring – Sammenlign priser på Jazz, HR-V, CR-V
/seat/;/jaguar/;Jaguar forsikring – se modeller og sammenlign priser
/seat/ateca/;/cupra/formentor/;Cupra Formentor forsikring 2026 → priser på TSI, eHybrid og VZ
/seat/ateca/;/toyota/corolla-cross/;Toyota Corolla Cross forsikring 2026 → priser på hybrid og AWD-i
/seat/ateca/;/renault/clio/;Renault Clio forsikring 2026 → priser på E-Tech hybrid og TCe
/seat/ateca/;/kia/sportage/;Kia Sportage forsikring 2026 → priser på hybrid, PHEV og benzin
/seat/ateca/;/ford/fiesta/;Ford Fiesta forsikring 2026 → priser, ST og billigste selskab
/seat/ateca/;/nissan/qashqai/;Nissan Qashqai forsikring 2026 → priser på e-POWER og mild hybrid
/seat/ibiza/;/volkswagen/t-roc/;VW T-Roc forsikring 2026 → priser på TSI, R-Line og T-Roc R
/seat/ibiza/;/renault/clio/;Renault Clio forsikring 2026 → priser på E-Tech hybrid og TCe
/seat/ibiza/;/cupra/formentor/;Cupra Formentor forsikring 2026 → priser på TSI, eHybrid og VZ
/seat/ibiza/;/toyota/corolla-cross/;Toyota Corolla Cross forsikring 2026 → priser på hybrid og AWD-i
/seat/ibiza/;/ford/fiesta/;Ford Fiesta forsikring 2026 → priser, ST og billigste selskab
/seat/ibiza/;/nissan/qashqai/;Nissan Qashqai forsikring 2026 → priser på e-POWER og mild hybrid
/selvrisiko-paa-bilforsikring/;/kaskoforsikring-hvornaar-kan-det-betale-sig/;Kan kasko betale sig? Regnestykket på din bil (2026)
/selvrisiko-paa-bilforsikring/;/hvad-koster-bilforsikring-gennemsnit/;Hvad koster en bilforsikring i gennemsnit? | Guide 2026
/selvrisiko-paa-bilforsikring/;/hyundai/i10/;Hyundai i10 forsikring — billigste Hyundai at forsikre
/selvrisiko-paa-bilforsikring/;/dyreste-fejl-bilforsikring/;De 5 dyreste fejl du kan begå med din bilforsikring (2026)
/selvrisiko-paa-bilforsikring/;/bilforsikringspriser-stiger-2026/;Bilforsikringspriser stiger i 2026 – hvad kan du gøre?
/selvrisiko-paa-bilforsikring/;/postnummer-bilforsikring-pris/;Postnummer Og Bilforsikring — Sådan Påvirker Bopæl Prisen
/selvrisiko-paa-bilforsikring/;/bonusklasse/;Bonusklasse på bilforsikring 2026 — forstå skalaen og spar penge
/selvstaendige-erhverv/;/toyota/proace/;Toyota Proace forsikring | Varebil & erhverv
/selvstaendige-erhverv/;/taxa/;Taxaforsikring → Priser, dækning & driftstab 2026
/selvstaendige-erhverv/;/motorcykelforsikring/;Motorcykelforsikring 2026 — sæson, kasko og pris
/selvstaendige-erhverv/;/busforsikring/;Busforsikring 2026 — minibusser, skolebusser og turistbusser
/selvstaendige-erhverv/;/veteranbil/;Veteranbil forsikring 2026 — find billigste pris
/selvstaendige-erhverv/;/lastbilforsikring/;Lastbilforsikring 2026 — priser på lette og tunge lastbiler
/skift/;/forsia/;Forsia Forsikring bilforsikring 2026 — pris, dækning og vilkår
/skift/;/ordbog/fortrydelsesret/;Fortrydelsesret — definition | Ordbog
/skift/;/ordbog/ratebetaling/;Ratebetaling på bilforsikring — hvad betyder det? | Ordbog
/skift/;/renault/clio/;Renault Clio forsikring 2026 → priser på E-Tech hybrid og TCe
/skift/;/ordbog/opsigelsesvarsel/;Opsigelsesvarsel — definition | Ordbog
/skoda/;/audi/q4-etron/;Audi Q4 e-tron Forsikring – Find Pris & Bedste Dækning
/skoda/;/mest-solgte-elbiler-danmark-2026-forsikring/;Mest Solgte Elbiler i Danmark 2026 - Priser på Forsikring
/skoda/;/citroen/;Citroën forsikring – sammenlign tilbud her gratis 2026
/skoda/;/fiat/;Fiat forsikring – Priser, dækning & sammenligning 2026
/skoda/;/volkswagen/id3/;VW ID.3 Forsikring → Sammenlign Priser & Find Billigste
/skoda/;/dacia/;Dacia forsikring 2026 — Sandero, Duster og Spring
/skoda/;/volkswagen/polo/;VW Polo forsikring 2026 — priser TSI, eTSI og GTI | Sammenlign
/skoda/;/jeep/;Bilforsikring Jeep – Sammenlign priser på jeep modeller
/skoda/;/land-rover/;Bilforsikring Land Rover – Sammenlign priser & guide (2026)
/skoda/citigo/;/skoda/epiq/;Skoda Epiq forsikring pris 2026 – ny elbil guide
/skoda/citigo/;/skoda/karoq/;Skoda Karoq forsikring 2026 – Spar & sammenlign priser
/skoda/citigo/;/skoda/fabia/;Skoda Fabia forsikring 2026 – billigste priser her
/skoda/citigo/;/skoda/superb/;Skoda Superb forsikring pris 2026 – Combi & iV guide
/skoda/citigo/;/volkswagen/up/;Volkswagen Up Forsikring – Sammenlign Tilbud & Pris
/skoda/citigo/;/opel/corsa/;Opel Corsa forsikring 2026 — fra 2.500 kr./år | Sammenlign
/skoda/elroq/;/skoda/citigo/;Skoda Citigo forsikring 2026 — priser fra 1.200 kr./år
/skoda/elroq/;/skoda/karoq/;Skoda Karoq forsikring 2026 – Spar & sammenlign priser
/skoda/elroq/;/volkswagen/id7/;Volkswagen ID.7 Forsikring – Få Skarpe Tilbud Online
/skoda/elroq/;/skoda/fabia/;Skoda Fabia forsikring 2026 – billigste priser her
/skoda/elroq/;/skoda/superb/;Skoda Superb forsikring pris 2026 – Combi & iV guide
/skoda/elroq/;/volvo/ex30/;Volvo EX30 Forsikring – Sammenlign Pris & Dækning
/skoda/enyaq/;/skoda/citigo/;Skoda Citigo forsikring 2026 — priser fra 1.200 kr./år
/skoda/enyaq/;/skoda/octavia/;Skoda Octavia forsikring pris 2026 – sedan & Combi guide
/skoda/enyaq/;/audi/q4-etron/;Audi Q4 e-tron Forsikring – Find Pris & Bedste Dækning
/skoda/enyaq/;/fiat/;Fiat forsikring – Priser, dækning & sammenligning 2026
/skoda/enyaq/;/tesla/model-y/;Tesla Model Y forsikring – Long Range & AWD (53)
/skoda/enyaq/;/volkswagen/id3/;VW ID.3 Forsikring → Sammenlign Priser & Find Billigste
/skoda/epiq/;/skoda/citigo/;Skoda Citigo forsikring 2026 — priser fra 1.200 kr./år
/skoda/epiq/;/skoda/scala/;Skoda Scala forsikring pris 2026 – hatchback guide
/skoda/epiq/;/skoda/superb/;Skoda Superb forsikring pris 2026 – Combi & iV guide
/skoda/epiq/;/skoda/karoq/;Skoda Karoq forsikring 2026 – Spar & sammenlign priser
/skoda/epiq/;/mercedes/glc/;Mercedes GLC forsikring pris 2026 – SUV guide
/skoda/fabia/;/skoda/scala/;Skoda Scala forsikring pris 2026 – hatchback guide
/skoda/fabia/;/skoda/epiq/;Skoda Epiq forsikring pris 2026 – ny elbil guide
/skoda/fabia/;/volkswagen/id7/;Volkswagen ID.7 Forsikring – Få Skarpe Tilbud Online
/skoda/fabia/;/skoda/kamiq/;Skoda Kamiq forsikring pris 2026 – kompakt bySUV guide
/skoda/fabia/;/skoda/karoq/;Skoda Karoq forsikring 2026 – Spar & sammenlign priser
/skoda/fabia/;/volkswagen/id5/;Volkswagen ID.5 Forsikring – Sammenlign Priser & Spar
/skoda/kamiq/;/skoda/epiq/;Skoda Epiq forsikring pris 2026 – ny elbil guide
/skoda/kamiq/;/skoda/citigo/;Skoda Citigo forsikring 2026 — priser fra 1.200 kr./år
/skoda/kamiq/;/skoda/superb/;Skoda Superb forsikring pris 2026 – Combi & iV guide
/skoda/kamiq/;/skoda/kodiaq/;Skoda Kodiaq forsikring pris 2026 – 7-sæder SUV guide
/skoda/kamiq/;/volkswagen/t-cross/;Volkswagen T-Cross forsikring pris – byens mindste SUV guide
/skoda/kamiq/;/mercedes/gla/;Mercedes GLA forsikring pris 2026 – kompakt SUV guide
/skoda/karoq/;/skoda/epiq/;Skoda Epiq forsikring pris 2026 – ny elbil guide
/skoda/karoq/;/skoda/citigo/;Skoda Citigo forsikring 2026 — priser fra 1.200 kr./år
/skoda/karoq/;/skoda/scala/;Skoda Scala forsikring pris 2026 – hatchback guide
/skoda/karoq/;/skoda/elroq/;Skoda Elroq forsikring – Danmarks #1 elbil guide
/skoda/karoq/;/audi/q2/;Audi Q2 forsikring – Sammenlign priser til din kompakte SUV
/skoda/karoq/;/audi/a3/;Audi A3 Forsikring 2026 → Pris fra 5.500 kr. | Sammenlign Tilbud
/skoda/kodiaq/;/skoda/epiq/;Skoda Epiq forsikring pris 2026 – ny elbil guide
/skoda/kodiaq/;/skoda/citigo/;Skoda Citigo forsikring 2026 — priser fra 1.200 kr./år
/skoda/kodiaq/;/skoda/scala/;Skoda Scala forsikring pris 2026 – hatchback guide
/skoda/kodiaq/;/skoda/kamiq/;Skoda Kamiq forsikring pris 2026 – kompakt bySUV guide
/skoda/kodiaq/;/hyundai/santa-fe/;Hyundai Santa Fe forsikring pris – 7-sæder, hybrid og PHEV guide
/skoda/kodiaq/;/volkswagen/touran/;Volkswagen Touran forsikring pris – kompakt MPV og familiebil
/skoda/octavia/;/skoda/superb/;Skoda Superb forsikring pris 2026 – Combi & iV guide
/skoda/octavia/;/skoda/scala/;Skoda Scala forsikring pris 2026 – hatchback guide
/skoda/octavia/;/skoda/epiq/;Skoda Epiq forsikring pris 2026 – ny elbil guide
/skoda/octavia/;/skoda/citigo/;Skoda Citigo forsikring 2026 — priser fra 1.200 kr./år
/skoda/octavia/;/mercedes/b-klasse/;Mercedes B-klasse forsikring pris 2026 – familie MPV guide
/skoda/octavia/;/volvo/s60/;Volvo S60 forsikring pris – Beregn din pris hurtigt
/skoda/scala/;/skoda/epiq/;Skoda Epiq forsikring pris 2026 – ny elbil guide
/skoda/scala/;/skoda/citigo/;Skoda Citigo forsikring 2026 — priser fra 1.200 kr./år
/skoda/scala/;/skoda/superb/;Skoda Superb forsikring pris 2026 – Combi & iV guide
/skoda/scala/;/skoda/kodiaq/;Skoda Kodiaq forsikring pris 2026 – 7-sæder SUV guide
/skoda/scala/;/fiat/tipo/;Fiat Tipo forsikring pris 2026 – hatchback & stationcar guide
/skoda/scala/;/mercedes/a-klasse/;Mercedes A-klasse forsikring pris 2026 – kompakt guide
/skoda/superb/;/skoda/epiq/;Skoda Epiq forsikring pris 2026 – ny elbil guide
/skoda/superb/;/skoda/octavia/;Skoda Octavia forsikring pris 2026 – sedan & Combi guide
/skoda/superb/;/skoda/citigo/;Skoda Citigo forsikring 2026 — priser fra 1.200 kr./år
/skoda/superb/;/skoda/scala/;Skoda Scala forsikring pris 2026 – hatchback guide
/skoda/superb/;/mercedes/e-klasse/;Mercedes E-klasse forsikring pris 2026 – sedan & stationcar
/skoda/superb/;/volvo/xc90/;Volvo XC90 forsikring pris 2026 – 7-sæder & Recharge
/spar-penge-bilforsikring/;/ordbog/samlerabat/;Samlerabat på bilforsikring — hvad betyder det? | Ordbog
/spar-penge-bilforsikring/;/dyreste-fejl-bilforsikring/;De 5 dyreste fejl du kan begå med din bilforsikring (2026)
/spar-penge-bilforsikring/;/bilforsikringspriser-stiger-2026/;Bilforsikringspriser stiger i 2026 – hvad kan du gøre?
/spar-penge-bilforsikring/;/postnummer-bilforsikring-pris/;Postnummer Og Bilforsikring — Sådan Påvirker Bopæl Prisen
/stenslag-forrude-forsikring/;/lavet-bule-i-andens-bil-hvad-goer-jeg/;Jeg Har Lavet En Bule I En Andens Bil — Hvad Gør Jeg?
/stenslag-forrude-forsikring/;/erhverv/;Bilforsikring erhverv 2026 — firmabil og varebil
/stenslag-forrude-forsikring/;/parkeringsskade-uden-note/;Parkeringsskade uden note → Hvad gør du? Guide 2026
/stenslag-forrude-forsikring/;/vildtskade-hvad-goer-du-koert-paa-dyr/;Vildtskade: Hvad Gør Du, Hvis Du Kører På Et Dyr? (2026)
/stenslag-forrude-forsikring/;/koert-galt-i-andens-bil/;Kørt Galt I Andens Bil — Hvad Sker Der Nu?
/stenslag-forrude-forsikring/;/daekker-kasko-motorskade-motorhavari/;Dækker Kasko Motorskade? Motorhavari Og Forsikring
/stenslag-forrude-forsikring/;/bagfra-paakoersel/;Bagfra-påkørsel 2026 — hvem hæfter, og hvad gør du?
/suzuki/;/coop/;Coop bilforsikring → Medlemsbonus & priser 2026
/suzuki/;/abcforsikring/;ABCforsikring bilforsikring – Priser, dækning & erfaringer
/suzuki/;/gf-bilforsikring/;GF bilforsikring → Overskudsdeling & priser 2026
/suzuki/;/mini/;MINI Forsikring – Sammenlign priser på Cooper & mere
/suzuki/;/mitsubishi/;Mitsubishi forsikring – Sammenlign priser & spar i 2026
/suzuki/;/nissan/;Bilforsikring Nissan – Sammenlign priser & spar i 2026
/suzuki/;/opel/;Opel Bilforsikring 2026 – Priser, Dækning & Gode Råd
/suzuki/across/;/suzuki/grand-vitara/;Suzuki Grand Vitara forsikring pris 2026 – brugt guide
/suzuki/across/;/suzuki/alto/;Suzuki Alto forsikring pris 2026 – brugt guide
/suzuki/across/;/suzuki/celerio/;Suzuki Celerio forsikring pris 2026 – billigste bybil
/suzuki/across/;/suzuki/;Suzuki bilforsikring → Pris til Swift, Vitara & Ignis 2026
/suzuki/across/;/toyota/rav4/;Bedste RAV4 bilforsikring | Guide & råd
/suzuki/alto/;/suzuki/grand-vitara/;Suzuki Grand Vitara forsikring pris 2026 – brugt guide
/suzuki/alto/;/suzuki/across/;Suzuki Across forsikring pris 2026 – PHEV og Toyota RAV4
/suzuki/alto/;/hyundai/ix35/;Hyundai ix35 forsikring — pris og kasko på brugt SUV
/suzuki/alto/;/suzuki/sx4-s-cross/;Suzuki SX4 S-Cross forsikring pris 2026 – hybrid guide
/suzuki/alto/;/suzuki/;Suzuki bilforsikring → Pris til Swift, Vitara & Ignis 2026
/suzuki/alto/;/peugeot/407-pris/;Peugeot 407 forsikring pris 2026 – SW og pendler guide
/suzuki/baleno/;/suzuki/alto/;Suzuki Alto forsikring pris 2026 – brugt guide
/suzuki/baleno/;/suzuki/across/;Suzuki Across forsikring pris 2026 – PHEV og Toyota RAV4
/suzuki/baleno/;/suzuki/grand-vitara/;Suzuki Grand Vitara forsikring pris 2026 – brugt guide
/suzuki/baleno/;/suzuki/celerio/;Suzuki Celerio forsikring pris 2026 – billigste bybil
/suzuki/baleno/;/hyundai/bayon/;Hyundai Bayon forsikring 2026 — pris på by-crossover
/suzuki/celerio/;/suzuki/alto/;Suzuki Alto forsikring pris 2026 – brugt guide
/suzuki/celerio/;/suzuki/grand-vitara/;Suzuki Grand Vitara forsikring pris 2026 – brugt guide
/suzuki/celerio/;/suzuki/across/;Suzuki Across forsikring pris 2026 – PHEV og Toyota RAV4
/suzuki/celerio/;/suzuki/;Suzuki bilforsikring → Pris til Swift, Vitara & Ignis 2026
/suzuki/celerio/;/peugeot/107-pris/;Peugeot 107 forsikring pris 2026 – billigste bybil
/suzuki/grand-vitara/;/suzuki/alto/;Suzuki Alto forsikring pris 2026 – brugt guide
/suzuki/grand-vitara/;/suzuki/across/;Suzuki Across forsikring pris 2026 – PHEV og Toyota RAV4
/suzuki/grand-vitara/;/suzuki/celerio/;Suzuki Celerio forsikring pris 2026 – billigste bybil
/suzuki/grand-vitara/;/hyundai/ix35/;Hyundai ix35 forsikring — pris og kasko på brugt SUV
/suzuki/grand-vitara/;/billigste-peugeot-forsikring/;Billigste Peugeot bil at forsikre 2026 – komplet rangering
/suzuki/grand-vitara/;/suzuki/;Suzuki bilforsikring → Pris til Swift, Vitara & Ignis 2026
/suzuki/ignis/;/suzuki/celerio/;Suzuki Celerio forsikring pris 2026 – billigste bybil
/suzuki/ignis/;/suzuki/across/;Suzuki Across forsikring pris 2026 – PHEV og Toyota RAV4
/suzuki/ignis/;/suzuki/grand-vitara/;Suzuki Grand Vitara forsikring pris 2026 – brugt guide
/suzuki/ignis/;/suzuki/alto/;Suzuki Alto forsikring pris 2026 – brugt guide
/suzuki/ignis/;/hyundai/bayon/;Hyundai Bayon forsikring 2026 — pris på by-crossover
/suzuki/ignis/;/billigste-biler-unge-under-25/;Billigste biler at forsikre for unge under 25 — 2026
/suzuki/jimny/;/suzuki/grand-vitara/;Suzuki Grand Vitara forsikring pris 2026 – brugt guide
/suzuki/jimny/;/suzuki/alto/;Suzuki Alto forsikring pris 2026 – brugt guide
/suzuki/jimny/;/suzuki/across/;Suzuki Across forsikring pris 2026 – PHEV og Toyota RAV4
/suzuki/jimny/;/suzuki/celerio/;Suzuki Celerio forsikring pris 2026 – billigste bybil
/suzuki/jimny/;/erhverv/;Bilforsikring erhverv 2026 — firmabil og varebil
/suzuki/jimny/;/toyota/land-cruiser/;Toyota Land Cruiser forsikring | Robust dækning
/suzuki/swift/;/suzuki/alto/;Suzuki Alto forsikring pris 2026 – brugt guide
/suzuki/swift/;/suzuki/grand-vitara/;Suzuki Grand Vitara forsikring pris 2026 – brugt guide
/suzuki/swift/;/suzuki/across/;Suzuki Across forsikring pris 2026 – PHEV og Toyota RAV4
/suzuki/swift/;/suzuki/celerio/;Suzuki Celerio forsikring pris 2026 – billigste bybil
/suzuki/swift/;/hyundai/ioniq-6/;Hyundai IONIQ 6 forsikring – Sammenlign priser & spar penge
/suzuki/swift/;/opel/corsa/;Opel Corsa forsikring 2026 — fra 2.500 kr./år | Sammenlign
/suzuki/sx4-s-cross/;/suzuki/grand-vitara/;Suzuki Grand Vitara forsikring pris 2026 – brugt guide
/suzuki/sx4-s-cross/;/suzuki/across/;Suzuki Across forsikring pris 2026 – PHEV og Toyota RAV4
/suzuki/sx4-s-cross/;/suzuki/alto/;Suzuki Alto forsikring pris 2026 – brugt guide
/suzuki/sx4-s-cross/;/suzuki/celerio/;Suzuki Celerio forsikring pris 2026 – billigste bybil
/suzuki/sx4-s-cross/;/volkswagen/t-cross/;Volkswagen T-Cross forsikring pris – byens mindste SUV guide
/suzuki/vitara/;/suzuki/across/;Suzuki Across forsikring pris 2026 – PHEV og Toyota RAV4
/suzuki/vitara/;/suzuki/grand-vitara/;Suzuki Grand Vitara forsikring pris 2026 – brugt guide
/suzuki/vitara/;/suzuki/alto/;Suzuki Alto forsikring pris 2026 – brugt guide
/suzuki/vitara/;/suzuki/celerio/;Suzuki Celerio forsikring pris 2026 – billigste bybil
/suzuki/vitara/;/hyundai/bayon/;Hyundai Bayon forsikring 2026 — pris på by-crossover
/suzuki/vitara/;/hyundai/tucson/;Hyundai Tucson forsikring 2026 — hybrid og PHEV priser
/taxa/;/erhverv/;Bilforsikring erhverv 2026 — firmabil og varebil
/taxa/;/motorcykelforsikring/;Motorcykelforsikring 2026 — sæson, kasko og pris
/taxa/;/busforsikring/;Busforsikring 2026 — minibusser, skolebusser og turistbusser
/taxa/;/veteranbil/;Veteranbil forsikring 2026 — find billigste pris
/taxa/;/varevogn/;Varevogn Forsikring | Sammenlign Priser På 2 min her
/tesla/;/hyundai/ioniq-6/;Hyundai IONIQ 6 forsikring – Sammenlign priser & spar penge
/tesla/;/ford/;Ford forsikring 2026 — priser på Puma, Kuga og Mach-E
/tesla/;/dacia/;Dacia forsikring 2026 — Sandero, Duster og Spring
/tesla/;/porsche/;Porsche forsikring → 911, Cayenne & Taycan priser 2026
/tesla/;/renault/;Billig forsikring til Renault – Find den bedste pris
/tesla/;/seat/;SEAT bilforsikring → Pris til Ibiza, Leon & Arona 2026
/tesla/;/alfa-romeo/;Alfa Romeo bilforsikring – Sammenligning priser her (2026)
/tesla/model-s/;/tesla/model-x/;Tesla Model X forsikring 2026 — pris og billigste selskab
/tesla/model-s/;/tesla/model3/;Tesla Model 3 Forsikring 2026 – Pris, Kasko & Billigste Selskab
/tesla/model-s/;/tesla/model-y/;Tesla Model Y forsikring – Long Range & AWD (53)
/tesla/model-s/;/hyundai/ioniq-6/;Hyundai IONIQ 6 forsikring – Sammenlign priser & spar penge
/tesla/model-s/;/kia/ev3/;Kia EV3 Forsikring | Beregn Pris og Sammenlign Tilbud
/tesla/model-s/;/skoda/citigo/;Skoda Citigo forsikring 2026 — priser fra 1.200 kr./år
/tesla/model-x/;/tesla/model-s/;Tesla Model S forsikring 2026 – Plaid & Long Range priser
/tesla/model-x/;/tesla/model3/;Tesla Model 3 Forsikring 2026 – Pris, Kasko & Billigste Selskab
/tesla/model-x/;/tesla/model-y/;Tesla Model Y forsikring – Long Range & AWD (53)
/tesla/model-x/;/hyundai/ioniq-6/;Hyundai IONIQ 6 forsikring – Sammenlign priser & spar penge
/tesla/model-x/;/kia/ev3/;Kia EV3 Forsikring | Beregn Pris og Sammenlign Tilbud
/tesla/model-x/;/skoda/elroq/;Skoda Elroq forsikring – Danmarks #1 elbil guide
/tesla/model-y/;/tesla/model-s/;Tesla Model S forsikring 2026 – Plaid & Long Range priser
/tesla/model-y/;/tesla/model-x/;Tesla Model X forsikring 2026 — pris og billigste selskab
/tesla/model-y/;/hyundai/ioniq-6/;Hyundai IONIQ 6 forsikring – Sammenlign priser & spar penge
/tesla/model-y/;/xpeng/g6/;Xpeng G6 forsikring 2026 – Sammenlign priser på 2 min
/tesla/model-y/;/skoda/enyaq/;Skoda Enyaq forsikring 2026 – komplet EV guide
/tesla/model-y/;/volkswagen/id3/;VW ID.3 Forsikring → Sammenlign Priser & Find Billigste
/tesla/model3/;/tesla/model-s/;Tesla Model S forsikring 2026 – Plaid & Long Range priser
/tesla/model3/;/tesla/model-x/;Tesla Model X forsikring 2026 — pris og billigste selskab
/tesla/model3/;/tesla/model-y/;Tesla Model Y forsikring – Long Range & AWD (53)
/tesla/model3/;/volkswagen/id5/;Volkswagen ID.5 Forsikring – Sammenlign Priser & Spar
/tesla/model3/;/volvo/ex30/;Volvo EX30 Forsikring – Sammenlign Pris & Dækning
/tesla/model3/;/xpeng/g9/;Xpeng G9 forsikring 2026 – Sammenlign priser og spar penge
/tjm/;/codan/;Codan bilforsikring 2026 — pris, dækning og vilkår
/tjm/;/if/;If Forsikring bilforsikring 2026 — pris, dækning og vilkår
/topdanmark/;/forsia/;Forsia Forsikring bilforsikring 2026 — pris, dækning og vilkår
/topdanmark/;/aros-bilforsikring/;Aros Forsikring bilforsikring 2026 — pris, dækning og vilkår
/topdanmark/;/fdm/;FDM Forsikringer bilforsikring 2026 — pris, dækning og vilkår
/topdanmark/;/codan/;Codan bilforsikring 2026 — pris, dækning og vilkår
/totalskade-bil/;/ordbog/totalskade/;Totalskade på bil — hvad betyder det? | Forsikringsordbog
/totalskade-bil/;/bilforsikring-brugt-bil/;Bilforsikring ved køb af brugt bil — guide 2026
/totalskade-bil/;/vildtskade-hvad-goer-du-koert-paa-dyr/;Vildtskade: Hvad Gør Du, Hvis Du Kører På Et Dyr? (2026)
/totalskade-bil/;/koert-galt-i-andens-bil/;Kørt Galt I Andens Bil — Hvad Sker Der Nu?
/totalskade-bil/;/daekker-kasko-motorskade-motorhavari/;Dækker Kasko Motorskade? Motorhavari Og Forsikring
/totalskade-bil/;/bagfra-paakoersel/;Bagfra-påkørsel 2026 — hvem hæfter, og hvad gør du?
/toyota/;/citroen/;Citroën forsikring – sammenlign tilbud her gratis 2026
/toyota/;/dacia/;Dacia forsikring 2026 — Sandero, Duster og Spring
/toyota/;/skoda/enyaq/;Skoda Enyaq forsikring 2026 – komplet EV guide
/toyota/;/xpeng/;Xpeng bilforsikring → Pris, dækning & anmeldelser 2026
/toyota/;/zeekr/;Forsikring Zeekr 2026 — X, 7X og 001 | Sammenlign priser
/toyota/;/cupra/;Cupra forsikring 2026 — Born, Formentor og Leon
/toyota/;/fiat/;Fiat forsikring – Priser, dækning & sammenligning 2026
/toyota/auris/;/toyota/proace/;Toyota Proace forsikring | Varebil & erhverv
/toyota/auris/;/toyota/prius/;Toyota Prius bilforsikring | Hybrid & pris
/toyota/auris/;/toyota/corolla-cross/;Toyota Corolla Cross forsikring 2026 → priser på hybrid og AWD-i
/toyota/auris/;/toyota/bz4x/;Toyota bZ4X forsikring | Sammenlign og beregn pris nu
/toyota/auris/;/hyundai/ix35/;Hyundai ix35 forsikring — pris og kasko på brugt SUV
/toyota/aygo/;/toyota/auris/;Bilforsikring til Toyota Auris | Guide 2026
/toyota/aygo/;/toyota/proace/;Toyota Proace forsikring | Varebil & erhverv
/toyota/aygo/;/toyota/corolla-cross/;Toyota Corolla Cross forsikring 2026 → priser på hybrid og AWD-i
/toyota/aygo/;/toyota/chr/;Forsikring til Toyota C-HR | Hvad koster det?
/toyota/aygo/;/peugeot/107-pris/;Peugeot 107 forsikring pris 2026 – billigste bybil
/toyota/aygo/;/peugeot/5008-pris/;Peugeot 5008 forsikring – SUV pris, sammenlign & spar
/toyota/bz4x/;/toyota/auris/;Bilforsikring til Toyota Auris | Guide 2026
/toyota/bz4x/;/toyota/proace/;Toyota Proace forsikring | Varebil & erhverv
/toyota/bz4x/;/toyota/chr/;Forsikring til Toyota C-HR | Hvad koster det?
/toyota/bz4x/;/toyota/corolla-cross/;Toyota Corolla Cross forsikring 2026 → priser på hybrid og AWD-i
/toyota/bz4x/;/volvo/ex40/;Volvo EX40 forsikring pris – Se hvad det koster i 2026
/toyota/bz4x/;/audi/e-tron/;Audi e-tron forsikring pris 2026 – Elbil guide
/toyota/chr/;/toyota/auris/;Bilforsikring til Toyota Auris | Guide 2026
/toyota/chr/;/toyota/bz4x/;Toyota bZ4X forsikring | Sammenlign og beregn pris nu
/toyota/chr/;/toyota/prius/;Toyota Prius bilforsikring | Hybrid & pris
/toyota/chr/;/toyota/proace/;Toyota Proace forsikring | Varebil & erhverv
/toyota/chr/;/volvo/xc60/;Volvo XC60 forsikring pris 2026 – Recharge & B6 guide
/toyota/corolla-cross/;/toyota/auris/;Bilforsikring til Toyota Auris | Guide 2026
/toyota/corolla-cross/;/toyota/proace/;Toyota Proace forsikring | Varebil & erhverv
/toyota/corolla-cross/;/toyota/bz4x/;Toyota bZ4X forsikring | Sammenlign og beregn pris nu
/toyota/corolla-cross/;/toyota/prius/;Toyota Prius bilforsikring | Hybrid & pris
/toyota/corolla-cross/;/renault/clio/;Renault Clio forsikring 2026 → priser på E-Tech hybrid og TCe
/toyota/corolla-cross/;/seat/ibiza/;Seat Ibiza forsikring 2026 → priser, FR og billigste selskab
/toyota/corolla/;/toyota/auris/;Bilforsikring til Toyota Auris | Guide 2026
/toyota/corolla/;/toyota/proace/;Toyota Proace forsikring | Varebil & erhverv
/toyota/corolla/;/toyota/prius/;Toyota Prius bilforsikring | Hybrid & pris
/toyota/corolla/;/toyota/corolla-cross/;Toyota Corolla Cross forsikring 2026 → priser på hybrid og AWD-i
/toyota/land-cruiser/;/toyota/auris/;Bilforsikring til Toyota Auris | Guide 2026
/toyota/land-cruiser/;/toyota/prius/;Toyota Prius bilforsikring | Hybrid & pris
/toyota/land-cruiser/;/toyota/bz4x/;Toyota bZ4X forsikring | Sammenlign og beregn pris nu
/toyota/land-cruiser/;/toyota/corolla-cross/;Toyota Corolla Cross forsikring 2026 → priser på hybrid og AWD-i
/toyota/land-cruiser/;/land-rover/;Bilforsikring Land Rover – Sammenlign priser & guide (2026)
/toyota/land-cruiser/;/suzuki/jimny/;Suzuki Jimny forsikring pris 2026 – off-road og tyveri
/toyota/prius/;/toyota/auris/;Bilforsikring til Toyota Auris | Guide 2026
/toyota/prius/;/toyota/proace/;Toyota Proace forsikring | Varebil & erhverv
/toyota/prius/;/toyota/chr/;Forsikring til Toyota C-HR | Hvad koster det?
/toyota/prius/;/toyota/land-cruiser/;Toyota Land Cruiser forsikring | Robust dækning
/toyota/proace/;/toyota/auris/;Bilforsikring til Toyota Auris | Guide 2026
/toyota/proace/;/toyota/bz4x/;Toyota bZ4X forsikring | Sammenlign og beregn pris nu
/toyota/proace/;/toyota/prius/;Toyota Prius bilforsikring | Hybrid & pris
/toyota/proace/;/toyota/corolla-cross/;Toyota Corolla Cross forsikring 2026 → priser på hybrid og AWD-i
/toyota/proace/;/fiat/ducato/;Fiat Ducato forsikring pris 2026 – varebil og autocamper guide
/toyota/proace/;/peugeot/partner-pris/;Peugeot Partner forsikring pris 2026 – varebil og moms
/toyota/rav4/;/toyota/auris/;Bilforsikring til Toyota Auris | Guide 2026
/toyota/rav4/;/toyota/proace/;Toyota Proace forsikring | Varebil & erhverv
/toyota/rav4/;/toyota/bz4x/;Toyota bZ4X forsikring | Sammenlign og beregn pris nu
/toyota/rav4/;/toyota/prius/;Toyota Prius bilforsikring | Hybrid & pris
/toyota/rav4/;/suzuki/across/;Suzuki Across forsikring pris 2026 – PHEV og Toyota RAV4
/toyota/rav4/;/kia/sportage/;Kia Sportage forsikring 2026 → priser på hybrid, PHEV og benzin
/toyota/yaris/;/toyota/auris/;Bilforsikring til Toyota Auris | Guide 2026
/toyota/yaris/;/toyota/proace/;Toyota Proace forsikring | Varebil & erhverv
/toyota/yaris/;/toyota/corolla-cross/;Toyota Corolla Cross forsikring 2026 → priser på hybrid og AWD-i
/toyota/yaris/;/toyota/land-cruiser/;Toyota Land Cruiser forsikring | Robust dækning
/toyota/yaris/;/hyundai/ix35/;Hyundai ix35 forsikring — pris og kasko på brugt SUV
/toyota/yaris/;/audi/a1/;Audi A1 forsikring 2026 – Sammenlign priser på 2 min
/trafikulykke-hvad-goer-du/;/vildtskade-hvad-goer-du-koert-paa-dyr/;Vildtskade: Hvad Gør Du, Hvis Du Kører På Et Dyr? (2026)
/trafikulykke-hvad-goer-du/;/koert-galt-i-andens-bil/;Kørt Galt I Andens Bil — Hvad Sker Der Nu?
/trafikulykke-hvad-goer-du/;/daekker-kasko-motorskade-motorhavari/;Dækker Kasko Motorskade? Motorhavari Og Forsikring
/trafikulykke-hvad-goer-du/;/biltyveri-hvad-goer-du-forsikring/;Biltyveri — Hvad Gør Du, Og Hvad Dækker Forsikringen?
/trods-rki/;/abcforsikring/;ABCforsikring bilforsikring – Priser, dækning & erfaringer
/trods-rki/;/delebil-bilforsikring/;Delebil og bilforsikring 2026 — er du dækket?
/trods-rki/;/bilforsikring-udenlandsk-koerekort-udlaending/;Bilforsikring Til Udenlandsk Kørekort — Guide For Udlændinge
/trods-rki/;/daekker-forsikringen-hvis-jeg-laaner-bilen-ud/;Dækker Min Forsikring, Hvis Jeg Låner Bilen Ud?
/trods-rki/;/udlaan-af-bil-til-ven/;Udlån af bil til ven – er de dækket af din bilforsikring?
/tryg/;/forsia/;Forsia Forsikring bilforsikring 2026 — pris, dækning og vilkår
/tryg/;/aros-bilforsikring/;Aros Forsikring bilforsikring 2026 — pris, dækning og vilkår
/tryg/;/codan/;Codan bilforsikring 2026 — pris, dækning og vilkår
/tryg/;/fdm/;FDM Forsikringer bilforsikring 2026 — pris, dækning og vilkår
/udlaan-af-bil-til-ven/;/koert-galt-i-andens-bil/;Kørt Galt I Andens Bil — Hvad Sker Der Nu?
/udlaan-af-bil-til-ven/;/delebil-bilforsikring/;Delebil og bilforsikring 2026 — er du dækket?
/udlaan-af-bil-til-ven/;/laanebil/;Forsikring til Lånebil | Dækning Når Du Låner en Bil
/udlaan-af-bil-til-ven/;/bilforsikring-udenlandsk-koerekort-udlaending/;Bilforsikring Til Udenlandsk Kørekort — Guide For Udlændinge
/udlaan-af-bil-til-ven/;/kilometerforsikring/;Kilometerforsikring 2026 — betal kun for de km du kører
/udlaan-af-bil-til-ven/;/koere-uden-bilforsikring-boeder-konsekvenser/;Hvad Koster Det At Køre Uden Bilforsikring?
/udland/;/ordbog/groent-kort/;Grønt kort bil — hvad betyder det? | Forsikringsordbog
/unge/;/billigste-peugeot-forsikring/;Billigste Peugeot bil at forsikre 2026 – komplet rangering
/unge/;/bilforsikring-udenlandsk-koerekort-udlaending/;Bilforsikring Til Udenlandsk Kørekort — Guide For Udlændinge
/unge/;/koert-galt-i-andens-bil/;Kørt Galt I Andens Bil — Hvad Sker Der Nu?
/unge/;/foerste-bil-efter-koerekort-billig-forsikring-ung/;Første Bil Efter Kørekort — Guide Til Billig Forsikring
/unge/;/volkswagen/t-cross/;Volkswagen T-Cross forsikring pris – byens mindste SUV guide
/unge/;/ford/fiesta/;Ford Fiesta forsikring 2026 → priser, ST og billigste selskab
/unge/;/suzuki/celerio/;Suzuki Celerio forsikring pris 2026 – billigste bybil
/unge/;/volkswagen/up/;Volkswagen Up Forsikring – Sammenlign Tilbud & Pris
/unge/;/de-10-billigste-biler-at-forsikre-danmark/;De 10 Billigste Biler At Forsikre I Danmark
/varevogn/;/peugeot/partner-pris/;Peugeot Partner forsikring pris 2026 – varebil og moms
/varevogn/;/volkswagen/transporter/;Volkswagen Transporter forsikring pris 2026 – T6/T7 varebil
/varevogn/;/motorcykelforsikring/;Motorcykelforsikring 2026 — sæson, kasko og pris
/varevogn/;/taxa/;Taxaforsikring → Priser, dækning & driftstab 2026
/varevogn/;/busforsikring/;Busforsikring 2026 — minibusser, skolebusser og turistbusser
/varevogn/;/veteranbil/;Veteranbil forsikring 2026 — find billigste pris
/veteranbil/;/motorcykelforsikring/;Motorcykelforsikring 2026 — sæson, kasko og pris
/veteranbil/;/taxa/;Taxaforsikring → Priser, dækning & driftstab 2026
/veteranbil/;/busforsikring/;Busforsikring 2026 — minibusser, skolebusser og turistbusser
/veteranbil/;/varevogn/;Varevogn Forsikring | Sammenlign Priser På 2 min her
/vildtskade-hvad-goer-du-koert-paa-dyr/;/koert-galt-i-andens-bil/;Kørt Galt I Andens Bil — Hvad Sker Der Nu?
/vildtskade-hvad-goer-du-koert-paa-dyr/;/daekker-kasko-motorskade-motorhavari/;Dækker Kasko Motorskade? Motorhavari Og Forsikring
/vildtskade-hvad-goer-du-koert-paa-dyr/;/bagfra-paakoersel/;Bagfra-påkørsel 2026 — hvem hæfter, og hvad gør du?
/vildtskade-hvad-goer-du-koert-paa-dyr/;/biltyveri-hvad-goer-du-forsikring/;Biltyveri — Hvad Gør Du, Og Hvad Dækker Forsikringen?
/vinterdaek-bilforsikring-regler/;/hvilke-bilmaerker-har-flest-skader/;Hvilke Bilmærker Har Flest Skader Ifølge Statistikken?
/vinterdaek-bilforsikring-regler/;/maa-man-sove-i-sin-bil/;Må Man Sove I Sin Bil? Regler Og Forsikring
/vinterdaek-bilforsikring-regler/;/hvor-langt-koerer-en-bil-paa-literen/;Hvor Langt Kører En Bil På Literen? Fuld Guide 2026
/vinterdaek-bilforsikring-regler/;/bilforsikring-import-bil-tyskland-sverige/;Bilforsikring Ved Import Fra Tyskland Eller Sverige
/volkswagen/;/byd/;BYD forsikring – Pris, Dækning & Sammenligning 2026
/volkswagen/;/ford/;Ford forsikring 2026 — priser på Puma, Kuga og Mach-E
/volkswagen/;/honda/;Honda forsikring – Sammenlign priser på Jazz, HR-V, CR-V
/volkswagen/;/jaguar/;Jaguar forsikring – se modeller og sammenlign priser
/volkswagen/;/jeep/;Bilforsikring Jeep – Sammenlign priser på jeep modeller
/volkswagen/arteon/;/volkswagen/id7/;Volkswagen ID.7 Forsikring – Få Skarpe Tilbud Online
/volkswagen/arteon/;/volkswagen/id6/;Volkswagen ID.6 Forsikring – Beregn Pris & Sammenlign
/volkswagen/arteon/;/volkswagen/touran/;Volkswagen Touran forsikring pris – kompakt MPV og familiebil
/volkswagen/arteon/;/volkswagen/t-cross/;Volkswagen T-Cross forsikring pris – byens mindste SUV guide
/volkswagen/arteon/;/mercedes/cla-shooting-brake/;Mercedes CLA Shooting Brake forsikring pris 2026
/volkswagen/arteon/;/peugeot/408-pris/;Peugeot 408 forsikring pris 2026 – PHEV og e-408
/volkswagen/caddy/;/volkswagen/arteon/;VW Arteon forsikring pris 2026 – Shooting Brake guide
/volkswagen/caddy/;/volkswagen/id6/;Volkswagen ID.6 Forsikring – Beregn Pris & Sammenlign
/volkswagen/caddy/;/volkswagen/id7/;Volkswagen ID.7 Forsikring – Få Skarpe Tilbud Online
/volkswagen/caddy/;/volkswagen/t-cross/;Volkswagen T-Cross forsikring pris – byens mindste SUV guide
/volkswagen/caddy/;/peugeot/partner-pris/;Peugeot Partner forsikring pris 2026 – varebil og moms
/volkswagen/caddy/;/erhverv/;Bilforsikring erhverv 2026 — firmabil og varebil
/volkswagen/caddy/;/motorcykelforsikring/;Motorcykelforsikring 2026 — sæson, kasko og pris
/volkswagen/caddy/;/taxa/;Taxaforsikring → Priser, dækning & driftstab 2026
/volkswagen/caddy/;/busforsikring/;Busforsikring 2026 — minibusser, skolebusser og turistbusser
/volkswagen/golf-gti/;/volkswagen/arteon/;VW Arteon forsikring pris 2026 – Shooting Brake guide
/volkswagen/golf-gti/;/volkswagen/id6/;Volkswagen ID.6 Forsikring – Beregn Pris & Sammenlign
/volkswagen/golf-gti/;/volkswagen/id7/;Volkswagen ID.7 Forsikring – Få Skarpe Tilbud Online
/volkswagen/golf-gti/;/volkswagen/t-cross/;Volkswagen T-Cross forsikring pris – byens mindste SUV guide
/volkswagen/golf-gti/;/peugeot/308-pris/;Peugeot 308 forsikring pris 2026 – PHEV og SW guide
/volkswagen/golf/;/volkswagen/id7/;Volkswagen ID.7 Forsikring – Få Skarpe Tilbud Online
/volkswagen/golf/;/volkswagen/arteon/;VW Arteon forsikring pris 2026 – Shooting Brake guide
/volkswagen/golf/;/volkswagen/id6/;Volkswagen ID.6 Forsikring – Beregn Pris & Sammenlign
/volkswagen/golf/;/volkswagen/id5/;Volkswagen ID.5 Forsikring – Sammenlign Priser & Spar
/volkswagen/golf/;/erhverv/;Bilforsikring erhverv 2026 — firmabil og varebil
/volkswagen/golf/;/hyundai/ioniq-6/;Hyundai IONIQ 6 forsikring – Sammenlign priser & spar penge
/volkswagen/id-buzz/;/volkswagen/id6/;Volkswagen ID.6 Forsikring – Beregn Pris & Sammenlign
/volkswagen/id-buzz/;/volkswagen/id7/;Volkswagen ID.7 Forsikring – Få Skarpe Tilbud Online
/volkswagen/id-buzz/;/volkswagen/id5/;Volkswagen ID.5 Forsikring – Sammenlign Priser & Spar
/volkswagen/id-buzz/;/volkswagen/arteon/;VW Arteon forsikring pris 2026 – Shooting Brake guide
/volkswagen/id-buzz/;/hyundai/ioniq-6/;Hyundai IONIQ 6 forsikring – Sammenlign priser & spar penge
/volkswagen/id-buzz/;/audi/q4-etron/;Audi Q4 e-tron Forsikring – Find Pris & Bedste Dækning
/volkswagen/id3/;/volkswagen/id4/;VW ID.4 Forsikring – Priser, Kasko & Billigste Selskaber
/volkswagen/id3/;/volkswagen/id7/;Volkswagen ID.7 Forsikring – Få Skarpe Tilbud Online
/volkswagen/id3/;/volkswagen/id6/;Volkswagen ID.6 Forsikring – Beregn Pris & Sammenlign
/volkswagen/id3/;/volkswagen/id5/;Volkswagen ID.5 Forsikring – Sammenlign Priser & Spar
/volkswagen/id3/;/xpeng/g9/;Xpeng G9 forsikring 2026 – Sammenlign priser og spar penge
/volkswagen/id3/;/hyundai/ioniq-6/;Hyundai IONIQ 6 forsikring – Sammenlign priser & spar penge
/volkswagen/id4/;/volkswagen/id7/;Volkswagen ID.7 Forsikring – Få Skarpe Tilbud Online
/volkswagen/id4/;/volkswagen/id6/;Volkswagen ID.6 Forsikring – Beregn Pris & Sammenlign
/volkswagen/id4/;/volkswagen/id5/;Volkswagen ID.5 Forsikring – Sammenlign Priser & Spar
/volkswagen/id4/;/volkswagen/arteon/;VW Arteon forsikring pris 2026 – Shooting Brake guide
/volkswagen/id4/;/tesla/model3/;Tesla Model 3 Forsikring 2026 – Pris, Kasko & Billigste Selskab
/volkswagen/id4/;/xpeng/g9/;Xpeng G9 forsikring 2026 – Sammenlign priser og spar penge
/volkswagen/id5/;/volkswagen/id7/;Volkswagen ID.7 Forsikring – Få Skarpe Tilbud Online
/volkswagen/id5/;/volkswagen/id6/;Volkswagen ID.6 Forsikring – Beregn Pris & Sammenlign
/volkswagen/id5/;/volkswagen/id-buzz/;VW ID. Buzz Forsikring | Beregn Pris og Sammenlign Tilbud
/volkswagen/id5/;/volkswagen/arteon/;VW Arteon forsikring pris 2026 – Shooting Brake guide
/volkswagen/id5/;/audi/q4-etron/;Audi Q4 e-tron Forsikring – Find Pris & Bedste Dækning
/volkswagen/id5/;/nissan/ariya/;Nissan Ariya Forsikring – Få Pris & Sammenlign Tilbud
/volkswagen/id6/;/volkswagen/id7/;Volkswagen ID.7 Forsikring – Få Skarpe Tilbud Online
/volkswagen/id6/;/volkswagen/id5/;Volkswagen ID.5 Forsikring – Sammenlign Priser & Spar
/volkswagen/id6/;/volkswagen/arteon/;VW Arteon forsikring pris 2026 – Shooting Brake guide
/volkswagen/id6/;/volkswagen/transporter/;Volkswagen Transporter forsikring pris 2026 – T6/T7 varebil
/volkswagen/id6/;/audi/q4-etron/;Audi Q4 e-tron Forsikring – Find Pris & Bedste Dækning
/volkswagen/id6/;/kia/ev3/;Kia EV3 Forsikring | Beregn Pris og Sammenlign Tilbud
/volkswagen/id7/;/volkswagen/id6/;Volkswagen ID.6 Forsikring – Beregn Pris & Sammenlign
/volkswagen/id7/;/volkswagen/id-buzz/;VW ID. Buzz Forsikring | Beregn Pris og Sammenlign Tilbud
/volkswagen/id7/;/volkswagen/arteon/;VW Arteon forsikring pris 2026 – Shooting Brake guide
/volkswagen/id7/;/volkswagen/touareg/;Volkswagen Touareg forsikring pris – eHybrid R og premium SUV
/volkswagen/id7/;/nissan/ariya/;Nissan Ariya Forsikring – Få Pris & Sammenlign Tilbud
/volkswagen/id7/;/audi/q4-etron/;Audi Q4 e-tron Forsikring – Find Pris & Bedste Dækning
/volkswagen/passat/;/volkswagen/arteon/;VW Arteon forsikring pris 2026 – Shooting Brake guide
/volkswagen/passat/;/volkswagen/touareg/;Volkswagen Touareg forsikring pris – eHybrid R og premium SUV
/volkswagen/passat/;/volkswagen/touran/;Volkswagen Touran forsikring pris – kompakt MPV og familiebil
/volkswagen/passat/;/volkswagen/id7/;Volkswagen ID.7 Forsikring – Få Skarpe Tilbud Online
/volkswagen/passat/;/erhverv/;Bilforsikring erhverv 2026 — firmabil og varebil
/volkswagen/passat/;/skoda/superb/;Skoda Superb forsikring pris 2026 – Combi & iV guide
/volkswagen/polo/;/volkswagen/id7/;Volkswagen ID.7 Forsikring – Få Skarpe Tilbud Online
/volkswagen/polo/;/volkswagen/id6/;Volkswagen ID.6 Forsikring – Beregn Pris & Sammenlign
/volkswagen/polo/;/volkswagen/id5/;Volkswagen ID.5 Forsikring – Sammenlign Priser & Spar
/volkswagen/polo/;/volkswagen/arteon/;VW Arteon forsikring pris 2026 – Shooting Brake guide
/volkswagen/polo/;/hyundai/ioniq-6/;Hyundai IONIQ 6 forsikring – Sammenlign priser & spar penge
/volkswagen/polo/;/skoda/fabia/;Skoda Fabia forsikring 2026 – billigste priser her
/volkswagen/sharan/;/volkswagen/touran/;Volkswagen Touran forsikring pris – kompakt MPV og familiebil
/volkswagen/sharan/;/volkswagen/arteon/;VW Arteon forsikring pris 2026 – Shooting Brake guide
/volkswagen/sharan/;/volkswagen/id6/;Volkswagen ID.6 Forsikring – Beregn Pris & Sammenlign
/volkswagen/sharan/;/volkswagen/id7/;Volkswagen ID.7 Forsikring – Få Skarpe Tilbud Online
/volkswagen/sharan/;/hyundai/santa-fe/;Hyundai Santa Fe forsikring pris – 7-sæder, hybrid og PHEV guide
/volkswagen/sharan/;/skoda/kodiaq/;Skoda Kodiaq forsikring pris 2026 – 7-sæder SUV guide
/volkswagen/t-cross/;/volkswagen/arteon/;VW Arteon forsikring pris 2026 – Shooting Brake guide
/volkswagen/t-cross/;/volkswagen/id7/;Volkswagen ID.7 Forsikring – Få Skarpe Tilbud Online
/volkswagen/t-cross/;/volkswagen/id6/;Volkswagen ID.6 Forsikring – Beregn Pris & Sammenlign
/volkswagen/t-cross/;/volkswagen/touran/;Volkswagen Touran forsikring pris – kompakt MPV og familiebil
/volkswagen/t-cross/;/hyundai/bayon/;Hyundai Bayon forsikring 2026 — pris på by-crossover
/volkswagen/t-cross/;/seat/;SEAT bilforsikring → Pris til Ibiza, Leon & Arona 2026
/volkswagen/t-roc/;/volkswagen/id7/;Volkswagen ID.7 Forsikring – Få Skarpe Tilbud Online
/volkswagen/t-roc/;/volkswagen/arteon/;VW Arteon forsikring pris 2026 – Shooting Brake guide
/volkswagen/t-roc/;/volkswagen/id6/;Volkswagen ID.6 Forsikring – Beregn Pris & Sammenlign
/volkswagen/t-roc/;/volkswagen/t-cross/;Volkswagen T-Cross forsikring pris – byens mindste SUV guide
/volkswagen/t-roc/;/seat/ibiza/;Seat Ibiza forsikring 2026 → priser, FR og billigste selskab
/volkswagen/t-roc/;/cupra/formentor/;Cupra Formentor forsikring 2026 → priser på TSI, eHybrid og VZ
/volkswagen/tiguan/;/volkswagen/arteon/;VW Arteon forsikring pris 2026 – Shooting Brake guide
/volkswagen/tiguan/;/volkswagen/touran/;Volkswagen Touran forsikring pris – kompakt MPV og familiebil
/volkswagen/tiguan/;/volkswagen/sharan/;Volkswagen Sharan forsikring pris – 7-sæder MPV og familiebil
/volkswagen/tiguan/;/volkswagen/id6/;Volkswagen ID.6 Forsikring – Beregn Pris & Sammenlign
/volkswagen/tiguan/;/hyundai/santa-fe/;Hyundai Santa Fe forsikring pris – 7-sæder, hybrid og PHEV guide
/volkswagen/tiguan/;/skoda/kodiaq/;Skoda Kodiaq forsikring pris 2026 – 7-sæder SUV guide
/volkswagen/touareg/;/volkswagen/arteon/;VW Arteon forsikring pris 2026 – Shooting Brake guide
/volkswagen/touareg/;/volkswagen/id7/;Volkswagen ID.7 Forsikring – Få Skarpe Tilbud Online
/volkswagen/touareg/;/volkswagen/id6/;Volkswagen ID.6 Forsikring – Beregn Pris & Sammenlign
/volkswagen/touareg/;/volkswagen/touran/;Volkswagen Touran forsikring pris – kompakt MPV og familiebil
/volkswagen/touareg/;/erhverv/;Bilforsikring erhverv 2026 — firmabil og varebil
/volkswagen/touran/;/volkswagen/arteon/;VW Arteon forsikring pris 2026 – Shooting Brake guide
/volkswagen/touran/;/volkswagen/id7/;Volkswagen ID.7 Forsikring – Få Skarpe Tilbud Online
/volkswagen/touran/;/volkswagen/id6/;Volkswagen ID.6 Forsikring – Beregn Pris & Sammenlign
/volkswagen/touran/;/volkswagen/t-cross/;Volkswagen T-Cross forsikring pris – byens mindste SUV guide
/volkswagen/touran/;/hyundai/santa-fe/;Hyundai Santa Fe forsikring pris – 7-sæder, hybrid og PHEV guide
/volkswagen/touran/;/skoda/kodiaq/;Skoda Kodiaq forsikring pris 2026 – 7-sæder SUV guide
/volkswagen/transporter/;/volkswagen/id6/;Volkswagen ID.6 Forsikring – Beregn Pris & Sammenlign
/volkswagen/transporter/;/volkswagen/arteon/;VW Arteon forsikring pris 2026 – Shooting Brake guide
/volkswagen/transporter/;/volkswagen/id7/;Volkswagen ID.7 Forsikring – Få Skarpe Tilbud Online
/volkswagen/transporter/;/volkswagen/touran/;Volkswagen Touran forsikring pris – kompakt MPV og familiebil
/volkswagen/transporter/;/peugeot/partner-pris/;Peugeot Partner forsikring pris 2026 – varebil og moms
/volkswagen/transporter/;/erhverv/;Bilforsikring erhverv 2026 — firmabil og varebil
/volkswagen/up/;/volkswagen/id7/;Volkswagen ID.7 Forsikring – Få Skarpe Tilbud Online
/volkswagen/up/;/volkswagen/id6/;Volkswagen ID.6 Forsikring – Beregn Pris & Sammenlign
/volkswagen/up/;/volkswagen/arteon/;VW Arteon forsikring pris 2026 – Shooting Brake guide
/volkswagen/up/;/volkswagen/id5/;Volkswagen ID.5 Forsikring – Sammenlign Priser & Spar
/volkswagen/up/;/ford/fiesta/;Ford Fiesta forsikring 2026 → priser, ST og billigste selskab
/volkswagen/up/;/skoda/citigo/;Skoda Citigo forsikring 2026 — priser fra 1.200 kr./år
/volvo/;/bmw/;BMW forsikring 2026 — pris og dækning på alle modeller
/volvo/;/land-rover/;Bilforsikring Land Rover – Sammenlign priser & guide (2026)
/volvo/;/lexus/;Lexus forsikring 2026 — priser på UX, NX, RX og RZ
/volvo/;/mazda/;Mazda forsikring – Beregn priser gratis på 2 min
/volvo/;/mini/;MINI Forsikring – Sammenlign priser på Cooper & mere
/volvo/ec40/;/volvo/ex30/;Volvo EX30 Forsikring – Sammenlign Pris & Dækning
/volvo/ec40/;/volvo/s60/;Volvo S60 forsikring pris – Beregn din pris hurtigt
/volvo/ec40/;/volvo/v60-cross-country/;Volvo V60 Cross Country forsikring pris 2026 – guide
/volvo/ec40/;/volvo/v90/;Volvo V90 forsikring pris 2026 – Cross Country & B6
/volvo/ex30/;/volvo/ec40/;Volvo EC40 forsikring pris – Tjek priser og spar penge
/volvo/ex30/;/volvo/s60/;Volvo S60 forsikring pris – Beregn din pris hurtigt
/volvo/ex30/;/volvo/xc40/;Volvo XC40 forsikring pris 2026 – EX40 & Recharge
/volvo/ex30/;/volvo/v60-cross-country/;Volvo V60 Cross Country forsikring pris 2026 – guide
/volvo/ex30/;/volkswagen/id7/;Volkswagen ID.7 Forsikring – Få Skarpe Tilbud Online
/volvo/ex30/;/nissan/ariya/;Nissan Ariya Forsikring – Få Pris & Sammenlign Tilbud
/volvo/ex40/;/volvo/ex30/;Volvo EX30 Forsikring – Sammenlign Pris & Dækning
/volvo/ex40/;/volvo/s60/;Volvo S60 forsikring pris – Beregn din pris hurtigt
/volvo/ex40/;/volvo/ex90/;Volvo EX90 forsikring pris 2026 – flagskib EV guide
/volvo/ex40/;/volvo/v60-cross-country/;Volvo V60 Cross Country forsikring pris 2026 – guide
/volvo/ex40/;/bmw/i5/;BMW i5 forsikring pris 2026 – Elbil & M60 guide
/volvo/ex40/;/toyota/bz4x/;Toyota bZ4X forsikring | Sammenlign og beregn pris nu
/volvo/ex90/;/volvo/ex30/;Volvo EX30 Forsikring – Sammenlign Pris & Dækning
/volvo/ex90/;/volvo/s60/;Volvo S60 forsikring pris – Beregn din pris hurtigt
/volvo/ex90/;/volvo/ec40/;Volvo EC40 forsikring pris – Tjek priser og spar penge
/volvo/ex90/;/volvo/xc40/;Volvo XC40 forsikring pris 2026 – EX40 & Recharge
/volvo/ex90/;/xpeng/p7-plus/;Xpeng P7+ forsikring pris 2026 – 446 kW ladeguide
/volvo/s60/;/volvo/ec40/;Volvo EC40 forsikring pris – Tjek priser og spar penge
/volvo/s60/;/volvo/ex30/;Volvo EX30 Forsikring – Sammenlign Pris & Dækning
/volvo/s60/;/volvo/v60-cross-country/;Volvo V60 Cross Country forsikring pris 2026 – guide
/volvo/s60/;/volvo/xc90/;Volvo XC90 forsikring pris 2026 – 7-sæder & Recharge
/volvo/s60/;/mercedes/cla-shooting-brake/;Mercedes CLA Shooting Brake forsikring pris 2026
/volvo/s60/;/erhverv/;Bilforsikring erhverv 2026 — firmabil og varebil
/volvo/v60-cross-country/;/volvo/s60/;Volvo S60 forsikring pris – Beregn din pris hurtigt
/volvo/v60-cross-country/;/volvo/ex30/;Volvo EX30 Forsikring – Sammenlign Pris & Dækning
/volvo/v60-cross-country/;/volvo/ec40/;Volvo EC40 forsikring pris – Tjek priser og spar penge
/volvo/v60-cross-country/;/volvo/ex40/;Volvo EX40 forsikring pris – Se hvad det koster i 2026
/volvo/v60-cross-country/;/mercedes/e-klasse/;Mercedes E-klasse forsikring pris 2026 – sedan & stationcar
/volvo/v60-cross-country/;/skoda/kodiaq/;Skoda Kodiaq forsikring pris 2026 – 7-sæder SUV guide
/volvo/v60/;/volvo/s60/;Volvo S60 forsikring pris – Beregn din pris hurtigt
/volvo/v60/;/volvo/ex30/;Volvo EX30 Forsikring – Sammenlign Pris & Dækning
/volvo/v60/;/volvo/ec40/;Volvo EC40 forsikring pris – Tjek priser og spar penge
/volvo/v60/;/volvo/xc90/;Volvo XC90 forsikring pris 2026 – 7-sæder & Recharge
/volvo/v60/;/mercedes/cla-shooting-brake/;Mercedes CLA Shooting Brake forsikring pris 2026
/volvo/v60/;/mercedes/e-klasse/;Mercedes E-klasse forsikring pris 2026 – sedan & stationcar
/volvo/v90/;/volvo/s60/;Volvo S60 forsikring pris – Beregn din pris hurtigt
/volvo/v90/;/volvo/ec40/;Volvo EC40 forsikring pris – Tjek priser og spar penge
/volvo/v90/;/volvo/ex30/;Volvo EX30 Forsikring – Sammenlign Pris & Dækning
/volvo/v90/;/volvo/xc90/;Volvo XC90 forsikring pris 2026 – 7-sæder & Recharge
/volvo/v90/;/mercedes/e-klasse/;Mercedes E-klasse forsikring pris 2026 – sedan & stationcar
/volvo/xc40/;/volvo/ex30/;Volvo EX30 Forsikring – Sammenlign Pris & Dækning
/volvo/xc40/;/volvo/s60/;Volvo S60 forsikring pris – Beregn din pris hurtigt
/volvo/xc40/;/volvo/xc90/;Volvo XC90 forsikring pris 2026 – 7-sæder & Recharge
/volvo/xc40/;/volvo/v60-cross-country/;Volvo V60 Cross Country forsikring pris 2026 – guide
/volvo/xc40/;/mercedes/gla/;Mercedes GLA forsikring pris 2026 – kompakt SUV guide
/volvo/xc40/;/polestar/;Polestar forsikring 2026 — Polestar 2, 3 og 4
/volvo/xc60/;/volvo/s60/;Volvo S60 forsikring pris – Beregn din pris hurtigt
/volvo/xc60/;/volvo/v60-cross-country/;Volvo V60 Cross Country forsikring pris 2026 – guide
/volvo/xc60/;/volvo/ex30/;Volvo EX30 Forsikring – Sammenlign Pris & Dækning
/volvo/xc60/;/volvo/v90/;Volvo V90 forsikring pris 2026 – Cross Country & B6
/volvo/xc60/;/toyota/chr/;Forsikring til Toyota C-HR | Hvad koster det?
/volvo/xc60/;/mercedes/glc/;Mercedes GLC forsikring pris 2026 – SUV guide
/volvo/xc90/;/volvo/s60/;Volvo S60 forsikring pris – Beregn din pris hurtigt
/volvo/xc90/;/volvo/ex30/;Volvo EX30 Forsikring – Sammenlign Pris & Dækning
/volvo/xc90/;/volvo/ec40/;Volvo EC40 forsikring pris – Tjek priser og spar penge
/volvo/xc90/;/volvo/v60-cross-country/;Volvo V60 Cross Country forsikring pris 2026 – guide
/volvo/xc90/;/mercedes/gle/;Mercedes GLE forsikring pris 2026 – stor SUV guide
/volvo/xc90/;/erhverv/;Bilforsikring erhverv 2026 — firmabil og varebil
/xpeng/;/cupra/;Cupra forsikring 2026 — Born, Formentor og Leon
/xpeng/;/hyundai/;Hyundai forsikring – Sammenlign priser på i20, Tucson, IONIQ
/xpeng/;/mitsubishi/;Mitsubishi forsikring – Sammenlign priser & spar i 2026
/xpeng/;/nissan/;Bilforsikring Nissan – Sammenlign priser & spar i 2026
/xpeng/;/opel/;Opel Bilforsikring 2026 – Priser, Dækning & Gode Råd
/xpeng/;/porsche/;Porsche forsikring → 911, Cayenne & Taycan priser 2026
/xpeng/g6/;/xpeng/g9/;Xpeng G9 forsikring 2026 – Sammenlign priser og spar penge
/xpeng/g6/;/xpeng/p7-plus/;Xpeng P7+ forsikring pris 2026 – 446 kW ladeguide
/xpeng/g6/;/volkswagen/id7/;Volkswagen ID.7 Forsikring – Få Skarpe Tilbud Online
/xpeng/g6/;/hyundai/ioniq-6/;Hyundai IONIQ 6 forsikring – Sammenlign priser & spar penge
/xpeng/g6/;/volkswagen/id5/;Volkswagen ID.5 Forsikring – Sammenlign Priser & Spar
/xpeng/g6/;/nissan/ariya/;Nissan Ariya Forsikring – Få Pris & Sammenlign Tilbud
/xpeng/g9/;/audi/q2/;Audi Q2 forsikring – Sammenlign priser til din kompakte SUV
/xpeng/g9/;/audi/q4-etron/;Audi Q4 e-tron Forsikring – Find Pris & Bedste Dækning
/xpeng/g9/;/peugeot/508-pris/;Peugeot 508 forsikring pris – Sammenlign priser & spar nu
/xpeng/g9/;/tesla/model3/;Tesla Model 3 Forsikring 2026 – Pris, Kasko & Billigste Selskab
/xpeng/g9/;/hyundai/i20/;Hyundai i20 forsikring – Komplet guide & Spar penge nu
/xpeng/g9/;/volkswagen/id3/;VW ID.3 Forsikring → Sammenlign Priser & Find Billigste
/xpeng/p7-plus/;/volvo/ex90/;Volvo EX90 forsikring pris 2026 – flagskib EV guide
/xpeng/p7-plus/;/mercedes/cla/;Mercedes CLA forsikring pris 2026 – ny EV guide
/zeekr/;/xpeng/g6/;Xpeng G6 forsikring 2026 – Sammenlign priser på 2 min
/zeekr/;/mercedes/cla/;Mercedes CLA forsikring pris 2026 – ny EV guide
/zeekr/;/cupra/;Cupra forsikring 2026 — Born, Formentor og Leon
/zeekr/;/renault/;Billig forsikring til Renault – Find den bedste pris
/zeekr/;/seat/;SEAT bilforsikring → Pris til Ibiza, Leon & Arona 2026
/zeekr/;/suzuki/;Suzuki bilforsikring → Pris til Swift, Vitara & Ignis 2026
/zeekr/;/alfa-romeo/;Alfa Romeo bilforsikring – Sammenligning priser her (2026)
